datetime,count
2011-02-10 11:00:00,44.9071575984
2011-10-10 02:00:00,18.5877381456
2011-11-05 15:00:00,352.4307005145
2011-07-08 03:00:00,6.3025264783
2011-04-15 14:00:00,163.893620186
2011-04-02 17:00:00,188.5435800034
2012-06-08 19:00:00,549.2701453675
2012-02-02 12:00:00,147.4183296628
2012-10-17 22:00:00,215.5515438543
2011-05-06 03:00:00,8.9683565604
2011-03-07 17:00:00,233.128186656
2012-03-18 02:00:00,56.0719629444
2012-08-18 17:00:00,638.9402915513
2011-01-01 00:00:00,16.0683988747
2011-07-13 08:00:00,448.7782494515
2011-03-01 01:00:00,3.0064127816
2011-01-03 21:00:00,52.190259774
2012-12-17 05:00:00,23.9368650199
2012-01-12 02:00:00,2.0245001899
2012-03-13 21:00:00,243.2280211111
2011-11-10 08:00:00,429.3204726111
2011-03-03 13:00:00,79.1307885545
2012-12-06 01:00:00,15.9566972128
2011-11-14 06:00:00,113.5531572271
2012-03-13 15:00:00,263.2212719179
2011-02-06 16:00:00,156.6956209704
2011-03-04 17:00:00,227.865084266
2011-10-12 13:00:00,100.9531478031
2011-10-07 11:00:00,228.9397876645
2012-06-13 21:00:00,396.3989049538
2011-07-08 23:00:00,149.6181919826
2012-09-18 23:00:00,77.9311643037
2011-04-02 20:00:00,84.0401711617
2012-01-13 19:00:00,206.3596954738
2011-12-13 14:00:00,133.9433686328
2012-10-13 22:00:00,189.3749118823
2011-09-11 08:00:00,93.4210270044
2012-10-04 11:00:00,214.7554223682
2011-07-10 01:00:00,113.0403959203
2012-12-09 22:00:00,77.6774514919
2012-10-07 21:00:00,112.7651876195
2011-01-02 23:00:00,8.0756560995
2011-03-15 09:00:00,158.6538233948
2012-04-02 22:00:00,123.2356029214
2012-11-01 13:00:00,248.2805841212
2011-10-12 17:00:00,250.5375836572
2012-05-12 20:00:00,287.2478157698
2011-08-11 11:00:00,186.4190550164
2012-03-02 08:00:00,543.5946513168
2011-05-14 01:00:00,82.0673863699
2012-05-02 00:00:00,46.9762729616
2012-12-08 15:00:00,562.5649522822
2012-03-02 10:00:00,131.9226079987
2012-06-15 19:00:00,468.3497213987
2012-03-05 21:00:00,120.148196793
2011-10-06 06:00:00,114.3968253296
2012-09-03 16:00:00,498.6885775894
2011-02-07 07:00:00,94.7601784684
2012-01-18 09:00:00,201.9341847003
2012-01-15 04:00:00,5.929656347
2011-12-02 15:00:00,196.8139265993
2012-09-01 18:00:00,446.9129162905
2011-12-17 20:00:00,106.0414025625
2012-11-11 00:00:00,124.6883392261
2011-04-09 20:00:00,92.4314240814
2011-05-17 09:00:00,207.1594293101
2012-05-01 14:00:00,203.5793648579
2012-05-11 02:00:00,31.1967563783
2012-03-07 10:00:00,146.9469566216
2012-10-15 10:00:00,167.7370952237
2012-04-05 23:00:00,136.6280221699
2012-06-05 17:00:00,881.6607206146
2012-02-07 00:00:00,23.1441940608
2011-04-08 09:00:00,185.4489918284
2011-06-18 11:00:00,401.0969497513
2012-03-02 06:00:00,91.4637232073
2012-01-09 13:00:00,79.8165016519
2012-07-15 04:00:00,19.4255347998
2011-05-17 02:00:00,7.7966967728
2012-10-09 15:00:00,253.8702886031
2011-01-06 04:00:00,1.0537008906
2011-03-02 05:00:00,4.9215105445
2011-12-14 06:00:00,86.5740373327
2012-02-17 14:00:00,170.4979531909
2012-02-10 08:00:00,444.2281674648
2011-09-08 22:00:00,69.9213256608
2012-04-13 22:00:00,214.4160831541
2012-05-13 11:00:00,432.9275648462
2011-10-11 21:00:00,174.585279351
2012-02-11 19:00:00,86.5471473599
2012-12-03 06:00:00,137.955108291
2011-08-10 18:00:00,555.675656869
2012-04-03 08:00:00,612.0589819031
2011-01-05 06:00:00,32.7768480857
2011-11-13 12:00:00,357.279711985
2011-07-08 07:00:00,331.6267993595
2012-03-16 02:00:00,4.0138076091
2011-04-13 14:00:00,105.6538652057
2012-04-17 03:00:00,5.9560981634
2011-01-04 08:00:00,178.2396903854
2011-04-01 20:00:00,76.6880170088
2011-03-08 14:00:00,76.2671083062
2012-08-15 13:00:00,297.8327868551
2012-05-01 18:00:00,740.7794276847
2012-02-08 16:00:00,74.6464259339
2011-09-11 17:00:00,412.7782117579
2011-01-13 08:00:00,201.0944566618
2012-07-15 01:00:00,167.6325242528
2012-02-07 17:00:00,509.9915798619
2012-12-10 11:00:00,134.7235658918
2011-01-07 00:00:00,17.2508132189
2011-08-04 11:00:00,146.3787099201
2012-10-04 17:00:00,885.9170700882
2011-10-18 19:00:00,316.6178221299
2011-06-16 09:00:00,259.7508381526
2012-05-04 03:00:00,14.1072342331
2011-12-02 12:00:00,203.1467304744
2012-09-11 10:00:00,197.367251838
2012-06-12 04:00:00,3.9603852748
2011-04-01 09:00:00,172.8264158487
2011-04-03 00:00:00,38.8341735945
2012-07-19 05:00:00,39.8173352094
2011-10-02 01:00:00,24.0431170216
2011-04-05 03:00:00,4.0365330847
2012-01-09 09:00:00,196.243942013
2012-10-18 00:00:00,56.77447819
2012-12-11 05:00:00,40.9416293717
2011-10-14 15:00:00,230.4642397119
2011-06-19 08:00:00,82.6774817246
2011-06-04 13:00:00,467.5280409341
2011-07-06 17:00:00,605.4179748766
2011-04-03 08:00:00,61.4548473376
2012-09-10 08:00:00,759.8053548861
2012-05-13 20:00:00,229.7183982562
2011-02-02 16:00:00,106.5527677693
2011-08-06 17:00:00,145.9777962172
2011-03-07 21:00:00,53.9156598434
2012-05-03 19:00:00,528.080355793
2011-09-15 21:00:00,144.7469546681
2012-01-12 00:00:00,3.0774780485
2012-12-06 17:00:00,613.9043452961
2012-04-03 22:00:00,157.673401205
2012-02-12 10:00:00,87.6235524836
2011-06-11 01:00:00,76.7857870922
2012-04-17 16:00:00,372.168035154
2012-07-05 20:00:00,322.4435036843
2011-03-12 14:00:00,164.1483755791
2011-09-15 02:00:00,4.9598607464
2012-10-04 09:00:00,361.7910695808
2011-10-14 19:00:00,249.8685639683
2011-01-02 19:00:00,29.9278046386
2011-02-10 04:00:00,1.1086356942
2011-04-13 08:00:00,162.5197247173
2011-03-02 19:00:00,149.0694137309
2012-06-13 17:00:00,862.0076967486
2012-10-16 01:00:00,12.9356759709
2012-04-18 19:00:00,368.182643697
2012-09-15 03:00:00,36.9237040247
2011-08-08 12:00:00,182.6283550632
2012-02-13 15:00:00,155.6534468216
2011-05-01 14:00:00,240.1519458128
2012-12-17 04:00:00,5.0849438459
2012-08-14 12:00:00,296.2724168503
2011-08-05 18:00:00,459.0171329373
2012-06-02 01:00:00,76.2218659936
2011-01-18 16:00:00,61.2377384416
2012-09-09 14:00:00,607.9872349597
2012-05-12 23:00:00,176.2338372274
2011-07-15 19:00:00,396.7544783805
2011-03-10 21:00:00,27.7805970129
2012-07-08 07:00:00,57.928547934
2011-11-09 02:00:00,5.0605933545
2012-01-09 17:00:00,153.1860498188
2011-05-08 19:00:00,239.2114997987
2012-12-17 17:00:00,492.6334788425
2012-09-02 13:00:00,476.6859811653
2011-10-05 06:00:00,116.5741776374
2011-12-06 06:00:00,85.0495714082
2011-10-17 03:00:00,2.0655725785
2012-01-09 10:00:00,107.315058567
2012-12-03 10:00:00,135.6947899123
2011-03-17 11:00:00,85.9516411371
2011-05-11 23:00:00,81.0888976894
2011-05-01 07:00:00,33.260803647
2012-11-06 05:00:00,40.8242231932
2011-08-10 16:00:00,287.8856246121
2012-10-14 21:00:00,196.1843209838
2012-04-05 02:00:00,17.5564566637
2012-08-06 08:00:00,601.9506728871
2012-05-16 00:00:00,38.5753836506
2012-08-13 23:00:00,128.5047202193
2011-06-02 03:00:00,4.5617335866
2011-10-06 02:00:00,9.9737122517
2012-10-09 08:00:00,706.0121951069
2012-08-14 07:00:00,177.9190593788
2012-01-15 13:00:00,222.9819138874
2011-08-09 01:00:00,13.756429047
2012-03-05 03:00:00,0.9683474894
2011-05-10 05:00:00,29.1096292976
2012-05-09 23:00:00,54.641078637
2012-07-06 01:00:00,29.4720499211
2011-09-12 11:00:00,164.8324387065
2011-04-15 22:00:00,80.1426817192
2012-10-05 18:00:00,763.5363991417
2011-01-04 20:00:00,53.808118316
2012-10-02 23:00:00,98.569641949
2011-04-14 03:00:00,1.9461008471
2012-07-01 06:00:00,26.8251459919
2012-08-09 08:00:00,707.607836828
2011-04-19 04:00:00,5.0814539782
2011-07-02 03:00:00,26.20502157
2012-01-10 19:00:00,280.7294968383
2012-04-10 03:00:00,2.0122163158
2011-05-07 00:00:00,85.7809771519
2011-04-08 14:00:00,15.0712375965
2012-09-06 19:00:00,551.6115924018
2012-12-13 02:00:00,7.8792431193
2011-04-17 06:00:00,7.9284772232
2011-02-15 08:00:00,222.1812341074
2011-08-12 21:00:00,226.4635886092
2012-03-12 14:00:00,222.6010346182
2011-05-06 16:00:00,346.5495067761
2011-01-02 01:00:00,17.123552413
2012-11-11 13:00:00,682.071579116
2011-02-17 22:00:00,75.8441613856
2012-11-04 21:00:00,86.5033049635
2012-09-09 07:00:00,70.9255619411
2012-12-18 15:00:00,244.5122269455
2011-03-01 11:00:00,55.7211250578
2012-11-03 22:00:00,145.5678921912
2011-02-17 01:00:00,6.0125694293
2012-09-07 20:00:00,384.8132234984
2011-07-19 05:00:00,19.0106630419
2012-09-15 18:00:00,606.894779726
2011-05-17 06:00:00,49.1509509398
2012-02-15 20:00:00,211.3911589506
2011-10-05 05:00:00,31.8908087137
2012-03-09 01:00:00,26.544047421
2012-06-19 17:00:00,804.4721700209
2012-07-12 17:00:00,794.8895961593
2012-05-10 02:00:00,3.1051392832
2011-08-01 08:00:00,376.3321483061
2012-05-17 18:00:00,848.7242549158
2011-03-16 10:00:00,68.6672255737
2011-11-12 18:00:00,203.0528169421
2011-07-08 15:00:00,141.2074731669
2012-03-17 05:00:00,8.1014042469
2011-12-07 12:00:00,32.869317056
2011-06-09 21:00:00,170.1951836519
2012-11-03 08:00:00,141.6289953272
2012-11-09 08:00:00,690.5151730997
2012-10-13 10:00:00,349.538568128
2011-03-07 12:00:00,94.9396745554
2012-04-11 09:00:00,300.2229074782
2011-06-03 00:00:00,68.4681661954
2011-05-10 10:00:00,127.5410825851
2012-03-18 21:00:00,172.3929842998
2012-11-13 02:00:00,11.0634230561
2012-11-18 08:00:00,119.3391653016
2012-05-14 00:00:00,24.7181034806
2011-12-11 16:00:00,207.1932353328
2011-12-11 03:00:00,18.7377897798
2011-08-11 08:00:00,391.0765830493
2011-10-07 10:00:00,173.7020274819
2011-08-11 03:00:00,9.1335306519
2011-06-02 17:00:00,571.0567570936
2011-10-10 09:00:00,218.4582272219
2012-05-19 09:00:00,294.2142301591
2011-12-01 14:00:00,149.8874590194
2012-08-06 20:00:00,453.9675259418
2012-11-17 01:00:00,86.5672790885
2012-08-07 17:00:00,871.2122704871
2012-06-17 04:00:00,18.1767934295
2012-07-17 10:00:00,159.1971722842
2012-09-14 09:00:00,350.9164649495
2011-10-01 09:00:00,128.5851998618
2012-10-07 00:00:00,127.2439102329
2011-01-03 04:00:00,0.96152185
2012-09-04 04:00:00,7.963455126
2012-03-03 20:00:00,148.2031903883
2011-08-16 14:00:00,182.8845157347
2012-06-15 01:00:00,50.6216902121
2012-04-19 21:00:00,271.4803055696
2011-02-17 05:00:00,12.0643933155
2011-07-19 20:00:00,275.7548221443
2011-08-07 10:00:00,263.7898784336
2012-11-06 17:00:00,622.0633764674
2012-06-13 12:00:00,331.3693022225
2011-09-15 13:00:00,189.0305371528
2011-02-03 02:00:00,2.0305018905
2012-08-10 11:00:00,250.008898431
2011-01-11 15:00:00,46.8193263844
2011-05-09 20:00:00,239.1262063721
2012-04-14 19:00:00,483.6229131008
2011-11-01 10:00:00,134.9219525833
2011-03-08 09:00:00,150.3195883051
2012-02-10 03:00:00,4.9303484461
2012-06-14 17:00:00,867.0556539765
2012-03-12 13:00:00,248.5405950085
2012-04-19 17:00:00,746.0569777103
2012-10-19 20:00:00,229.2380226873
2012-06-07 10:00:00,210.861304896
2012-07-11 08:00:00,670.5233307725
2012-06-16 15:00:00,620.39183073
2011-11-01 22:00:00,94.894161882
2012-02-12 18:00:00,96.2081631476
2012-08-03 10:00:00,249.5031673386
2012-11-16 21:00:00,179.0108106816
2012-03-05 10:00:00,85.5750077174
2011-08-08 07:00:00,268.5978003717
2012-01-08 13:00:00,338.4205139821
2011-01-18 13:00:00,21.8668538461
2011-01-07 23:00:00,14.8997653776
2012-03-16 04:00:00,3.1067190059
2011-09-11 11:00:00,402.0332916687
2012-10-09 03:00:00,2.9408117039
2011-03-14 13:00:00,75.2677876359
2012-10-03 10:00:00,175.8145944247
2011-09-08 07:00:00,179.1583928792
2012-12-06 14:00:00,212.211830555
2012-08-10 00:00:00,84.7329975887
2012-03-10 06:00:00,11.9666385799
2012-07-02 15:00:00,234.0706149906
2012-08-08 18:00:00,868.5286956865
2011-03-02 14:00:00,95.7414687446
2011-04-12 18:00:00,224.2550695519
2012-06-10 03:00:00,29.0859797186
2011-12-10 05:00:00,6.0526648
2012-09-06 13:00:00,191.7172901866
2011-08-09 16:00:00,287.0142370801
2012-07-17 19:00:00,548.4696552194
2011-10-06 13:00:00,190.64782734
2012-01-18 16:00:00,176.1224251124
2012-12-09 11:00:00,249.4336518471
2011-01-08 08:00:00,14.9120293728
2012-04-01 02:00:00,81.4084736238
2012-10-15 13:00:00,146.2554042154
2011-09-06 20:00:00,162.7625306744
2012-01-08 23:00:00,30.0042795175
2011-04-11 09:00:00,165.8067941963
2011-01-02 17:00:00,65.069500786
2011-05-07 10:00:00,295.8047408021
2011-12-09 23:00:00,92.5317929124
2012-10-02 00:00:00,31.1458651727
2011-11-14 14:00:00,184.8801431062
2011-04-19 11:00:00,72.5079861712
2012-10-06 20:00:00,248.5561615754
2012-08-10 02:00:00,20.2060846236
2011-05-16 06:00:00,103.3377867098
2012-05-05 06:00:00,41.9570820833
2012-06-15 07:00:00,419.0297656773
2012-10-14 06:00:00,23.7241910488
2012-02-15 11:00:00,137.3365917454
2011-11-10 05:00:00,23.0457306449
2012-11-07 12:00:00,211.164762929
2011-02-12 17:00:00,136.4067303528
2012-08-16 16:00:00,423.2188891568
2012-06-10 23:00:00,110.4018033656
2012-04-19 23:00:00,144.348853114
2012-01-12 01:00:00,3.1055243212
2012-02-08 13:00:00,125.4747033174
2012-11-05 18:00:00,547.5599116586
2012-10-11 09:00:00,353.7419061774
2011-02-04 13:00:00,82.069916438
2012-02-04 22:00:00,94.0337862353
2012-08-19 17:00:00,346.2353569632
2011-09-09 05:00:00,14.0550731419
2011-12-07 23:00:00,16.2316198853
2012-05-15 01:00:00,19.0889359201
2012-10-19 13:00:00,372.6236848178
2012-07-04 07:00:00,73.1098205942
2011-03-14 05:00:00,8.1001624286
2012-11-08 18:00:00,508.8058788375
2012-06-07 00:00:00,58.8165833583
2011-06-15 21:00:00,255.9933372306
2011-10-08 17:00:00,383.9845497789
2011-10-10 07:00:00,114.7865965888
2012-10-11 17:00:00,798.1489680198
2011-11-10 21:00:00,136.4339318915
2012-08-03 16:00:00,483.1311466338
2012-04-02 17:00:00,738.6598444068
2011-12-03 13:00:00,289.9752741614
2012-10-19 01:00:00,15.6749021926
2012-07-04 02:00:00,93.0343943975
2012-10-18 16:00:00,462.448402919
2011-09-04 15:00:00,418.5166904078
2012-02-10 14:00:00,144.3506663589
2011-01-11 10:00:00,54.2879308043
2011-03-11 21:00:00,52.9435667823
2011-09-08 11:00:00,97.9327587563
2011-06-09 03:00:00,1.9749446659
2012-06-19 05:00:00,37.0510955164
2011-03-19 04:00:00,2.9188971609
2012-03-19 10:00:00,183.0799164365
2012-02-15 07:00:00,322.1470047101
2012-03-19 18:00:00,809.4162631453
2012-06-16 09:00:00,369.1362408791
2011-11-12 06:00:00,7.0295045009
2012-07-07 09:00:00,256.0396278742
2011-08-16 22:00:00,152.0334503392
2011-09-09 12:00:00,74.6928898921
2012-05-18 00:00:00,70.0659052695
2011-12-13 15:00:00,151.3807682326
2011-06-16 07:00:00,187.3403619696
2011-08-04 16:00:00,290.0926038723
2012-03-17 13:00:00,687.5165025695
2012-06-14 08:00:00,730.7331870751
2012-05-08 18:00:00,720.5859306583
2012-03-01 13:00:00,209.2518841002
2011-09-13 16:00:00,293.1354866168
2012-02-15 05:00:00,24.9272212539
2012-02-08 22:00:00,97.7691430531
2012-02-15 04:00:00,1.010301353
2012-08-16 01:00:00,21.014010097
2012-02-11 10:00:00,167.9252556117
2012-04-01 12:00:00,439.275380196
2012-06-03 02:00:00,88.7417503176
2012-04-07 13:00:00,683.77927938
2012-12-02 01:00:00,94.150445036
2012-11-08 00:00:00,14.9196991894
2012-09-07 23:00:00,246.9723534329
2012-07-12 06:00:00,177.2562620654
2012-02-06 17:00:00,426.8952654698
2012-05-10 06:00:00,137.9154349232
2012-10-03 07:00:00,509.5096262144
2011-08-14 11:00:00,193.5996699243
2011-06-12 19:00:00,224.2361099039
2012-05-16 18:00:00,856.8873287372
2011-01-06 21:00:00,47.8497612717
2012-10-07 18:00:00,106.0627524075
2012-03-07 13:00:00,204.4778202856
2011-07-12 13:00:00,135.3798211552
2011-10-18 01:00:00,10.789603052
2012-08-11 18:00:00,300.9849037301
2012-03-10 18:00:00,295.5012485382
2011-07-13 22:00:00,184.0421744237
2011-11-11 17:00:00,313.8763748207
2012-10-12 14:00:00,371.3673733013
2012-06-16 21:00:00,290.2807012885
2012-03-10 02:00:00,42.0211256241
2012-05-14 17:00:00,228.7501475068
2011-11-14 01:00:00,10.8729425937
2012-12-09 18:00:00,198.6859424841
2012-06-13 09:00:00,343.3246689035
2012-11-19 07:00:00,392.7893262799
2011-01-12 07:00:00,54.4322150636
2012-04-10 23:00:00,62.2183289154
2012-10-14 19:00:00,332.6352705278
2011-12-19 16:00:00,208.4404655501
2012-04-13 13:00:00,357.8934011323
2012-10-06 03:00:00,56.4709657394
2012-12-05 08:00:00,741.0187824755
2012-03-16 11:00:00,207.27502597
2011-11-16 06:00:00,56.2276098229
2012-06-07 18:00:00,813.3189098906
2011-09-19 00:00:00,37.0923465614
2011-06-11 04:00:00,13.0533722553
2011-03-17 05:00:00,13.0809383106
2012-10-01 11:00:00,274.5871473045
2012-10-12 07:00:00,392.5329929495
2011-06-01 01:00:00,16.8560258746
2011-10-01 11:00:00,132.1670305818
2012-10-08 21:00:00,151.7406664247
2012-07-14 17:00:00,457.7126482225
2012-07-05 15:00:00,259.1797528303
2012-10-11 15:00:00,458.7411870627
2011-11-17 10:00:00,81.2186835035
2011-01-03 22:00:00,20.0115157409
2012-10-17 18:00:00,870.4322573583
2012-02-06 20:00:00,200.5612629523
2011-07-18 12:00:00,166.6533061835
2011-04-19 22:00:00,112.2293764734
2012-06-06 01:00:00,27.3117945747
2012-11-13 20:00:00,222.3985221097
2011-12-04 04:00:00,11.0108483651
2011-05-17 22:00:00,98.6309395092
2012-08-17 03:00:00,6.0724737617
2011-07-17 03:00:00,46.674484005
2012-06-09 14:00:00,603.9963397062
2012-04-18 11:00:00,118.9998658504
2012-03-11 09:00:00,89.654827881
2011-01-10 08:00:00,188.2718608606
2012-06-02 14:00:00,668.8983957623
2011-12-02 13:00:00,206.7093190456
2011-08-16 12:00:00,162.2240139447
2011-11-01 02:00:00,3.9836259495
2012-05-08 08:00:00,636.7425370769
2011-05-01 00:00:00,96.4288759112
2012-02-09 15:00:00,134.103686966
2012-05-14 12:00:00,185.2402581915
2011-09-18 14:00:00,321.2913803851
2012-09-16 06:00:00,35.2038760394
2012-03-01 01:00:00,11.8223893965
2011-05-05 18:00:00,522.3222075278
2012-01-13 13:00:00,154.4594293179
2012-05-19 12:00:00,646.0720549992
2011-06-06 00:00:00,29.1144979358
2011-08-18 06:00:00,102.6666688188
2012-01-02 02:00:00,6.1703921688
2011-12-15 08:00:00,437.5594973303
2012-03-06 10:00:00,128.2576240088
2011-06-17 15:00:00,243.1430253572
2012-03-16 08:00:00,558.5940995419
2011-11-01 08:00:00,416.8535740886
2012-02-14 18:00:00,405.6503857406
2011-06-17 20:00:00,232.9838791226
2011-09-02 15:00:00,336.9474061325
2012-02-02 00:00:00,30.7369691512
2011-04-15 18:00:00,262.3873796154
2011-10-07 23:00:00,136.157189919
2011-06-15 15:00:00,164.8918217329
2011-04-12 16:00:00,99.2586278548
2012-12-14 23:00:00,133.7188724738
2012-04-08 13:00:00,488.2817014965
2011-05-02 21:00:00,231.2812014977
2012-12-07 05:00:00,25.931671734
2011-01-17 01:00:00,15.8430988353
2012-07-17 20:00:00,426.459843861
2012-11-08 01:00:00,12.2478129732
2011-09-07 12:00:00,21.7966729471
2011-06-03 03:00:00,5.0435157564
2012-03-18 18:00:00,455.7080548398
2012-08-08 13:00:00,313.3622122848
2012-08-05 13:00:00,494.3832113538
2011-02-18 16:00:00,231.4397763044
2012-11-18 16:00:00,374.7293007452
2012-04-01 13:00:00,466.2603375561
2011-04-16 07:00:00,21.1428219892
2012-02-07 10:00:00,116.3946386112
2011-09-13 19:00:00,388.5278728371
2011-01-03 16:00:00,75.6963031432
2011-04-18 00:00:00,38.7520305002
2011-10-19 06:00:00,31.0502024394
2011-07-03 19:00:00,181.3306304455
2011-03-02 21:00:00,72.9050659564
2012-07-07 18:00:00,271.0385592226
2012-03-01 09:00:00,285.9617938234
2012-02-11 18:00:00,108.3117348354
2012-02-05 15:00:00,270.192261778
2011-02-02 05:00:00,2.9622650904
2012-06-13 03:00:00,7.9435319756
2011-03-03 05:00:00,8.0836294118
2011-09-02 00:00:00,63.9478728292
2012-07-03 22:00:00,176.3989974575
2012-10-11 16:00:00,491.1869894338
2012-08-08 12:00:00,280.2159196252
2012-04-12 20:00:00,289.126913063
2011-09-08 16:00:00,156.6735000417
2012-07-10 04:00:00,4.1927048819
2011-04-09 09:00:00,98.3405357587
2011-06-06 15:00:00,166.12891047
2012-05-07 08:00:00,633.3707626583
2011-05-10 18:00:00,552.2834491018
2011-06-11 07:00:00,68.1348509693
2011-10-01 08:00:00,67.5122899723
2011-01-15 23:00:00,43.7796997901
2012-02-05 09:00:00,91.2922813972
2011-09-14 06:00:00,145.7899011174
2012-04-15 08:00:00,97.1560601949
2012-02-02 01:00:00,16.9813403633
2011-09-05 22:00:00,63.6631750079
2012-03-02 14:00:00,205.5137316672
2012-04-13 01:00:00,30.316678071
2011-05-18 22:00:00,116.836352304
2011-05-18 05:00:00,9.094911758
2011-09-01 00:00:00,50.9626509577
2012-10-01 02:00:00,12.1037441166
2012-01-07 18:00:00,296.6432950976
2011-11-15 11:00:00,134.649254168
2012-01-03 20:00:00,114.1164820058
2011-09-15 07:00:00,337.5935127678
2011-01-03 14:00:00,77.1985606133
2011-06-19 07:00:00,74.8473511966
2012-06-13 13:00:00,253.314182625
2011-05-04 04:00:00,2.9723024513
2011-12-01 08:00:00,475.4865456247
2011-12-14 17:00:00,399.0822314222
2012-04-19 09:00:00,302.6365244094
2012-04-12 23:00:00,90.378584703
2011-07-10 05:00:00,17.0945786828
2011-05-08 05:00:00,5.1152318004
2012-08-19 08:00:00,121.7692981356
2012-06-04 05:00:00,35.0862824319
2012-08-09 00:00:00,67.0158526323
2012-06-10 14:00:00,479.7056434571
2011-09-14 13:00:00,178.3980851418
2012-10-12 08:00:00,754.8296395783
2011-09-03 12:00:00,258.0626770027
2012-06-13 15:00:00,278.7111767275
2011-04-11 16:00:00,234.4937302437
2011-05-12 14:00:00,190.631743277
2011-09-17 19:00:00,255.3732574867
2012-09-09 22:00:00,190.7595660866
2012-12-05 17:00:00,611.582634466
2012-01-03 18:00:00,226.0421107796
2011-05-13 02:00:00,10.951750908
2011-09-12 10:00:00,129.4342943582
2012-11-03 14:00:00,467.3860914744
2012-06-09 08:00:00,244.6788905352
2011-03-06 06:00:00,2.0150543254
2012-04-14 02:00:00,55.9598494327
2011-05-03 14:00:00,158.171321121
2012-04-16 07:00:00,392.2750457205
2012-03-06 13:00:00,163.6437208441
2011-03-15 02:00:00,3.1360729852
2011-01-04 11:00:00,56.9141869875
2012-10-03 05:00:00,34.222071446
2011-08-15 10:00:00,141.6074030266
2012-04-14 10:00:00,406.9913609522
2012-09-04 11:00:00,197.805353844
2011-05-02 02:00:00,35.0177724759
2012-12-13 14:00:00,241.7919121731
2012-09-03 19:00:00,375.4625844271
2012-07-10 08:00:00,642.6612567463
2012-07-01 14:00:00,447.4089448338
2012-07-17 08:00:00,660.3241663483
2012-07-15 13:00:00,482.1807607375
2011-10-13 18:00:00,267.1627035593
2011-12-10 13:00:00,284.598815925
2012-05-03 10:00:00,168.0723616717
2012-02-17 10:00:00,115.9338734201
2011-08-14 20:00:00,194.7480881101
2012-05-05 12:00:00,546.9661352206
2012-01-01 07:00:00,7.04315945
2011-01-14 12:00:00,61.087770919
2011-08-13 02:00:00,74.3371662097
2012-04-16 17:00:00,718.4635097854
2011-04-16 17:00:00,15.3721959912
2011-06-10 12:00:00,207.4266060203
2011-08-01 14:00:00,122.5190872223
2011-02-10 15:00:00,50.063139159
2011-08-02 03:00:00,4.8400385363
2012-11-10 06:00:00,16.1252234886
2012-05-19 07:00:00,94.9234403545
2012-09-09 16:00:00,670.8515525239
2011-06-06 18:00:00,557.6480280553
2012-07-15 19:00:00,309.4285735454
2012-09-13 23:00:00,169.9197891535
2012-10-06 07:00:00,83.7141394754
2012-09-16 21:00:00,190.7330226971
2012-03-09 22:00:00,106.8729627777
2012-01-05 19:00:00,266.7211295614
2011-08-13 03:00:00,27.4560695412
2012-07-19 01:00:00,25.1566453552
2012-12-16 18:00:00,107.7722235763
2012-06-05 21:00:00,281.6687638088
2011-07-17 07:00:00,50.0984293564
2011-12-16 09:00:00,243.5967807962
2012-04-01 10:00:00,361.0409394595
2012-11-07 18:00:00,469.6612600994
2012-05-19 02:00:00,68.8934717545
2012-07-12 18:00:00,819.5076595327
2011-06-16 21:00:00,188.8937847774
2011-01-03 07:00:00,63.4976350177
2011-06-15 14:00:00,177.9982367767
2011-12-14 19:00:00,267.0284796387
2012-11-09 15:00:00,351.7940430216
2011-10-09 00:00:00,129.6555805471
2011-10-10 10:00:00,266.4932313401
2011-12-05 19:00:00,307.1438051188
2011-12-16 05:00:00,26.0773414405
2011-09-13 08:00:00,434.0053496233
2011-06-05 20:00:00,280.0480969709
2012-11-02 01:00:00,23.693539594
2012-12-18 03:00:00,5.035686358
2012-05-08 15:00:00,133.8797679671
2012-03-18 04:00:00,14.0264513837
2012-10-01 16:00:00,455.6959441386
2011-03-04 08:00:00,228.5515178492
2012-07-15 23:00:00,91.3360453956
2012-10-01 03:00:00,7.0682843416
2012-05-05 13:00:00,527.565064769
2011-08-08 02:00:00,6.8368869102
2011-02-06 09:00:00,44.7635099391
2012-01-15 01:00:00,41.5480048266
2011-05-14 02:00:00,52.1406804458
2012-04-12 19:00:00,434.1389115799
2011-06-06 14:00:00,145.0526624121
2011-01-10 04:00:00,2.915686741
2011-03-15 17:00:00,217.9066795229
2011-04-08 01:00:00,9.003605983
2012-11-16 18:00:00,500.8456636831
2012-04-19 18:00:00,783.4843604514
2012-11-15 04:00:00,4.9614890169
2011-11-13 08:00:00,77.6964122931
2012-02-04 14:00:00,274.5285250396
2011-06-15 12:00:00,211.0433689754
2012-09-08 17:00:00,171.5741952271
2011-02-13 00:00:00,39.21035645
2011-05-03 12:00:00,215.8366917179
2012-08-04 10:00:00,400.0036296924
2011-10-19 18:00:00,140.5668972882
2011-06-05 07:00:00,26.8231940556
2012-05-09 18:00:00,365.5672034362
2011-08-16 16:00:00,304.4595879324
2011-11-11 06:00:00,45.3434203072
2012-07-12 02:00:00,9.2463683844
2011-07-04 04:00:00,11.8790709367
2011-06-18 04:00:00,5.0130501393
2011-07-03 23:00:00,145.3001935738
2011-04-14 18:00:00,328.7393442489
2012-10-06 06:00:00,30.138769779
2011-06-13 08:00:00,483.3035570801
2012-04-14 21:00:00,219.5379751124
2011-01-17 19:00:00,60.2527630351
2011-12-12 14:00:00,109.8901665724
2011-08-14 17:00:00,319.6646145707
2011-12-03 09:00:00,123.962688132
2012-12-04 19:00:00,461.154865554
2011-12-14 18:00:00,388.8409378102
2011-10-12 06:00:00,111.9547693608
2012-01-11 07:00:00,255.6231957212
2011-01-04 10:00:00,41.9552233623
2012-04-09 22:00:00,107.7651565536
2011-04-02 12:00:00,183.0662013073
2011-10-13 03:00:00,6.1193250792
2012-10-16 14:00:00,302.7970922175
2011-02-14 08:00:00,247.2184589834
2011-06-05 00:00:00,112.7500480805
2012-10-18 02:00:00,14.0988404544
2011-01-05 16:00:00,89.3636103082
2012-10-16 03:00:00,1.8367695397
2011-01-16 22:00:00,20.8962732326
2011-05-13 15:00:00,197.4318167528
2011-11-01 18:00:00,464.5268200745
2012-03-05 13:00:00,119.4242518021
2012-07-16 23:00:00,166.6270944131
2011-02-06 13:00:00,181.2529613136
2011-06-14 23:00:00,109.8759371093
2012-01-07 19:00:00,214.895610091
2011-04-12 05:00:00,15.899304116
2012-07-04 10:00:00,457.9852435838
2011-05-15 20:00:00,190.7642283368
2011-04-04 12:00:00,155.4222239148
2011-04-07 15:00:00,160.7789341264
2012-01-07 16:00:00,397.479916883
2011-03-17 07:00:00,140.3216036845
2011-03-17 23:00:00,49.9698123584
2011-04-17 18:00:00,278.726054591
2012-05-06 03:00:00,28.0877482423
2011-02-19 16:00:00,124.5965093172
2012-01-13 11:00:00,113.7973274939
2012-11-09 04:00:00,14.0858854002
2011-06-14 16:00:00,330.8103962343
2012-07-01 16:00:00,314.5586285054
2012-03-18 15:00:00,552.4802667319
2012-05-15 12:00:00,263.6774171073
2012-01-17 12:00:00,86.0260474183
2011-02-08 03:00:00,0.9596188591
2011-11-12 01:00:00,54.12502961
2011-08-03 04:00:00,7.3696279333
2011-02-12 11:00:00,115.3058066561
2011-03-15 10:00:00,76.2284852923
2012-04-11 21:00:00,166.1792413663
2012-11-15 09:00:00,323.5957620096
2011-09-16 15:00:00,203.5005192879
2011-11-17 00:00:00,24.0494071776
2012-04-18 01:00:00,14.2094408127
2011-05-11 19:00:00,406.3440236201
2012-01-02 23:00:00,34.3648909726
2012-02-02 13:00:00,137.1256123055
2012-02-15 15:00:00,169.1011420943
2011-01-03 13:00:00,61.1863115965
2011-06-19 03:00:00,30.1746181277
2011-03-14 08:00:00,241.4992626955
2012-02-19 05:00:00,2.0454324781
2012-04-01 18:00:00,436.276677862
2011-08-16 17:00:00,597.6894368219
2012-04-06 00:00:00,61.2518616747
2011-08-01 15:00:00,128.575404116
2011-11-11 03:00:00,6.1475778342
2011-04-19 09:00:00,162.604043042
2012-08-07 02:00:00,13.1439369673
2011-06-06 22:00:00,172.7721284508
2011-08-17 13:00:00,175.8992418071
2012-11-07 03:00:00,10.9879044679
2012-08-19 19:00:00,337.071407021
2012-10-14 01:00:00,111.7369750398
2011-05-07 01:00:00,57.6351350653
2011-01-03 05:00:00,3.086230171
2011-08-06 06:00:00,27.0323185255
2011-01-01 02:00:00,32.5248282498
2011-11-06 00:00:00,75.3717022376
2011-01-06 08:00:00,218.4319659983
2012-10-08 05:00:00,18.9296178523
2012-03-10 20:00:00,120.2101484941
2011-11-08 19:00:00,276.6531146549
2012-07-16 10:00:00,185.105873172
2012-02-01 08:00:00,512.7310439877
2011-07-08 18:00:00,318.7906413999
2011-11-03 17:00:00,506.8545321229
2012-01-09 11:00:00,88.467869698
2012-12-13 03:00:00,1.7648009939
2011-03-01 10:00:00,67.5789319304
2012-02-01 07:00:00,208.5888497201
2011-07-09 21:00:00,238.495628186
2012-05-04 21:00:00,234.3290043565
2011-05-13 19:00:00,273.2882042099
2011-07-03 20:00:00,174.5253499731
2012-11-15 13:00:00,216.1066664723
2012-06-15 11:00:00,287.4250905479
2012-04-18 03:00:00,5.9371739613
2011-06-13 14:00:00,200.3475431826
2012-03-09 20:00:00,156.9648678372
2012-02-06 07:00:00,233.3087263925
2012-12-02 06:00:00,15.8512329335
2012-01-19 16:00:00,190.4944998857
2011-07-06 00:00:00,36.9870468415
2011-01-05 13:00:00,71.2428557155
2012-03-18 22:00:00,99.2779411464
2011-09-07 07:00:00,86.2031964565
2012-10-04 10:00:00,176.7532330086
2011-01-18 22:00:00,32.75940108
2012-03-19 21:00:00,223.3348381352
2012-02-06 22:00:00,87.2598124896
2012-11-11 17:00:00,501.2742880232
2011-12-18 20:00:00,103.8514682732
2012-12-14 03:00:00,11.8102758773
2011-02-10 02:00:00,2.9828642571
2012-07-03 06:00:00,155.0438318775
2011-07-06 07:00:00,316.0265329276
2012-01-18 23:00:00,37.8432735837
2012-04-12 10:00:00,140.7493189735
2012-05-04 20:00:00,312.0358177989
2012-05-02 11:00:00,184.4862571052
2011-07-17 22:00:00,181.600902875
2011-06-13 17:00:00,598.3580299602
2012-09-06 09:00:00,123.2349870978
2011-12-15 20:00:00,221.6777992844
2011-08-12 15:00:00,248.0043854877
2011-07-17 08:00:00,117.6925470812
2012-10-04 00:00:00,76.3837880977
2012-07-06 22:00:00,286.121273092
2012-09-17 14:00:00,357.2822878174
2012-08-12 02:00:00,85.7657709595
2011-03-01 09:00:00,124.5962254558
2012-07-19 12:00:00,272.474530314
2012-11-16 06:00:00,130.0230364312
2012-10-19 09:00:00,388.4860854318
2012-01-10 09:00:00,193.9387308415
2011-11-16 13:00:00,58.1701963555
2012-03-10 17:00:00,354.4899443982
2011-12-17 12:00:00,242.8599273041
2012-11-08 23:00:00,87.6986634681
2012-09-15 22:00:00,280.3766877343
2012-01-16 09:00:00,95.2657163728
2012-05-19 18:00:00,638.1157649577
2011-05-18 20:00:00,212.6958562599
2011-04-16 04:00:00,5.0136666182
2012-04-14 20:00:00,318.4707726487
2012-04-18 18:00:00,494.6081495165
2011-05-01 11:00:00,244.3577384666
2012-05-01 04:00:00,7.9843642558
2012-02-13 11:00:00,89.8175380586
2011-11-13 14:00:00,372.0570164233
2012-09-10 02:00:00,17.1789947603
2012-11-19 22:00:00,112.9275622313
2011-04-02 23:00:00,52.600871576
2012-01-12 14:00:00,156.0427939054
2012-09-13 14:00:00,275.203732862
2011-01-13 12:00:00,52.1309766932
2011-12-19 15:00:00,158.5096537614
2011-03-10 15:00:00,14.0781954971
2011-02-17 08:00:00,285.5502845292
2011-11-03 19:00:00,251.8800369454
2011-11-16 07:00:00,137.13242013
2011-05-18 15:00:00,166.3493291137
2011-03-01 05:00:00,1.978970656
2011-01-17 03:00:00,2.0959572584
2012-03-13 23:00:00,87.3748458101
2012-02-15 06:00:00,96.088289798
2012-11-10 01:00:00,75.5550727832
2012-02-14 05:00:00,21.7941494774
2012-12-19 00:00:00,40.8916818879
2011-10-03 21:00:00,137.5575993705
2011-10-08 22:00:00,149.3400123348
2011-10-03 20:00:00,203.2682803029
2011-07-13 07:00:00,316.8222871819
2011-11-01 06:00:00,93.0889856388
2012-08-16 14:00:00,246.4140980274
2012-08-11 17:00:00,508.9199848494
2012-11-01 11:00:00,169.89613123
2011-06-16 05:00:00,25.0559257083
2012-08-18 18:00:00,544.7999473002
2011-10-06 17:00:00,564.0194390654
2012-03-01 22:00:00,125.2446568873
2011-02-07 10:00:00,55.0565852763
2012-06-06 07:00:00,545.9848326916
2012-04-04 21:00:00,297.0570475985
2011-09-18 21:00:00,145.8832530104
2011-05-17 14:00:00,183.658363551
2012-10-07 08:00:00,62.2955145791
2012-09-17 03:00:00,7.0327497966
2012-03-14 12:00:00,268.1151430932
2012-01-02 07:00:00,15.2988862117
2012-02-19 04:00:00,3.1834374312
2011-03-13 18:00:00,146.5068063322
2012-08-18 15:00:00,594.0265141612
2011-09-06 07:00:00,170.2340631666
2012-08-19 21:00:00,190.340296927
2012-08-05 21:00:00,208.8968117452
2012-09-03 14:00:00,508.001600475
2011-09-11 18:00:00,338.9661640403
2012-11-02 00:00:00,49.7832117393
2012-04-09 13:00:00,276.8566046562
2012-09-05 05:00:00,40.1794715584
2011-08-12 17:00:00,516.7434698856
2012-07-06 15:00:00,287.4482079318
2011-11-02 04:00:00,3.9616291093
2012-06-17 22:00:00,152.845300353
2011-12-01 04:00:00,0.8818007744
2012-11-12 00:00:00,49.2252898498
2012-07-17 13:00:00,221.853101084
2012-01-07 05:00:00,9.0250757569
2012-09-09 17:00:00,678.2697938726
2011-06-13 18:00:00,593.3366880624
2012-08-12 07:00:00,39.2227880964
2012-03-18 05:00:00,6.0646040906
2012-11-01 22:00:00,202.2518168177
2012-01-17 05:00:00,13.1696324932
2011-06-08 09:00:00,202.4925869626
2011-08-18 01:00:00,24.0442962194
2011-11-01 17:00:00,511.2029912749
2012-06-15 21:00:00,335.4730821524
2011-02-14 06:00:00,26.1604541591
2011-08-09 19:00:00,369.3728907192
2012-03-11 00:00:00,68.5697302667
2011-12-14 01:00:00,8.0622484308
2011-08-12 07:00:00,263.5496643228
2012-01-13 15:00:00,138.2647069419
2011-04-01 19:00:00,136.1790457465
2012-11-05 10:00:00,143.1912157486
2012-08-09 22:00:00,258.0210029041
2011-07-12 15:00:00,147.7300066491
2012-12-05 22:00:00,104.1554687616
2011-11-11 14:00:00,245.1835248599
2012-03-09 14:00:00,176.6324267278
2011-04-02 15:00:00,130.7525709493
2012-07-07 07:00:00,71.0884836345
2011-11-15 22:00:00,127.6113224403
2011-09-18 00:00:00,111.9353413766
2011-05-05 07:00:00,270.8638258476
2012-01-04 21:00:00,88.8390327049
2011-07-14 08:00:00,480.947993236
2012-07-17 16:00:00,367.0129849258
2011-07-05 15:00:00,161.4621768863
2011-09-17 21:00:00,169.7565489211
2012-12-16 00:00:00,110.5946985289
2011-03-18 11:00:00,159.0986395204
2012-09-11 02:00:00,5.9934694306
2011-01-14 00:00:00,13.956983237
2012-07-11 00:00:00,43.9692205433
2011-06-05 03:00:00,46.5420475375
2012-02-15 17:00:00,486.0860701745
2012-02-16 10:00:00,43.7626470202
2012-01-10 13:00:00,177.8568469473
2012-09-11 09:00:00,358.7527228731
2012-06-06 22:00:00,251.4287959973
2011-06-17 23:00:00,177.5248242604
2011-01-08 13:00:00,102.1061687063
2012-05-08 05:00:00,20.1436633415
2011-05-10 21:00:00,203.3943821774
2011-06-17 17:00:00,550.3574240717
2012-04-03 12:00:00,332.7299970293
2012-11-15 02:00:00,6.9436119959
2011-09-18 03:00:00,36.1510852682
2011-01-01 22:00:00,28.2111456833
2012-07-14 12:00:00,489.8498940231
2011-01-17 02:00:00,8.1826537064
2012-04-01 07:00:00,83.2373198051
2011-06-04 20:00:00,246.6111605813
2011-04-04 23:00:00,48.4260517985
2011-09-09 10:00:00,28.9072068043
2012-10-05 14:00:00,384.5168701862
2012-08-11 19:00:00,274.9991340039
2012-04-13 05:00:00,20.8019589318
2012-05-08 10:00:00,156.532310135
2011-12-17 06:00:00,16.7686702728
2012-08-11 14:00:00,544.0567936818
2011-04-11 11:00:00,104.3104901335
2011-03-05 20:00:00,69.8619137648
2011-05-12 18:00:00,524.5211156119
2012-05-16 08:00:00,664.1966351593
2012-10-01 21:00:00,217.6742376586
2011-11-14 19:00:00,303.4079159302
2011-12-16 02:00:00,22.9174809138
2012-05-15 20:00:00,260.7112195008
2011-06-02 16:00:00,303.8446138453
2012-02-01 10:00:00,132.6125003668
2011-03-01 03:00:00,1.8434979877
2011-12-18 02:00:00,40.8943232517
2011-08-18 07:00:00,309.3085870628
2011-04-13 11:00:00,61.3514177229
2012-10-14 03:00:00,28.0061678882
2011-02-14 17:00:00,234.7758684527
2011-10-19 01:00:00,16.1518271336
2011-08-03 07:00:00,271.0286072964
2012-02-08 02:00:00,1.0448890141
2012-12-03 09:00:00,308.2976804154
2012-05-09 15:00:00,257.7304792604
2012-12-06 22:00:00,133.173373174
2011-02-11 23:00:00,53.026203613
2012-02-06 21:00:00,153.6596734698
2012-02-05 00:00:00,61.0117831474
2011-11-17 08:00:00,355.5897169444
2012-07-08 18:00:00,251.0695242386
2011-02-02 06:00:00,17.8924651259
2011-01-15 18:00:00,83.5054496024
2011-01-06 01:00:00,4.0494308338
2012-04-04 00:00:00,40.5080831972
2011-07-08 06:00:00,102.1507184093
2011-10-10 11:00:00,322.8323828508
2012-08-08 10:00:00,213.3984986977
2012-09-01 23:00:00,145.4373007861
2012-04-13 10:00:00,191.4962520986
2012-06-17 02:00:00,73.4277399543
2012-04-09 16:00:00,378.7901479963
2012-06-18 07:00:00,145.3486862039
2012-11-19 23:00:00,73.9573037603
2011-01-08 20:00:00,28.0168242233
2012-06-19 07:00:00,472.2585207197
2011-03-12 00:00:00,34.0557080719
2012-11-11 14:00:00,649.9368756931
2011-04-01 15:00:00,112.2973631802
2011-01-11 01:00:00,3.1565730763
2011-04-01 06:00:00,28.1779955579
2012-05-18 21:00:00,257.6360082139
2011-11-18 08:00:00,373.2527965165
2012-03-11 03:00:00,66.1757878389
2012-06-09 20:00:00,353.600484861
2012-06-01 16:00:00,221.3494291741
2012-02-02 16:00:00,228.2721865145
2012-05-08 04:00:00,5.1000332604
2012-06-07 16:00:00,473.7246365111
2011-04-02 06:00:00,11.9563410359
2011-08-19 15:00:00,222.5440907348
2011-03-13 05:00:00,3.1575741059
2012-11-09 23:00:00,161.2705269361
2011-12-05 11:00:00,123.4533922684
2011-09-14 09:00:00,203.2527615383
2011-06-04 22:00:00,190.0429676775
2012-07-15 03:00:00,57.0462103424
2011-02-02 14:00:00,63.3824643163
2011-09-17 22:00:00,143.8952804568
2012-05-15 02:00:00,4.1389759468
2011-09-09 23:00:00,147.4864206171
2011-10-04 12:00:00,199.156913796
2011-02-01 12:00:00,54.7366848262
2012-09-09 09:00:00,301.0994726383
2011-02-01 03:00:00,1.8780060244
2012-02-07 07:00:00,298.293355826
2011-05-16 22:00:00,127.0938514157
2012-10-10 13:00:00,298.5017680508
2011-05-08 16:00:00,384.2128243623
2012-05-09 22:00:00,67.2014302793
2012-11-13 17:00:00,597.6610964407
2012-09-11 14:00:00,253.5562488856
2011-12-12 23:00:00,44.8627224937
2012-03-09 17:00:00,569.1364276426
2012-04-14 03:00:00,32.2449111429
2012-10-14 10:00:00,434.4414407712
2011-05-06 05:00:00,15.9830422081
2012-08-01 15:00:00,299.2047767393
2012-09-08 03:00:00,42.815135893
2012-06-17 01:00:00,87.99574001
2011-09-07 01:00:00,5.1377816254
2012-04-05 15:00:00,266.1992653623
2011-10-02 08:00:00,63.9810520207
2012-08-08 16:00:00,432.3646545669
2012-08-02 17:00:00,869.3804359777
2012-10-10 21:00:00,269.688619347
2012-03-08 15:00:00,184.4399565595
2011-09-05 03:00:00,15.4963097505
2012-10-08 08:00:00,403.0303177809
2011-05-01 18:00:00,159.4138467174
2011-07-19 12:00:00,153.6665929208
2011-08-07 11:00:00,270.8107319655
2011-09-14 07:00:00,372.8440288396
2011-01-02 03:00:00,6.1100897031
2012-08-06 09:00:00,274.8204711717
2012-03-19 05:00:00,30.8615608078
2011-07-10 17:00:00,360.1961785543
2012-03-07 22:00:00,160.6411509775
2012-05-10 04:00:00,1.9430760772
2011-06-01 19:00:00,263.296061482
2012-08-14 22:00:00,189.1948112266
2012-10-05 15:00:00,488.0760798473
2012-11-09 14:00:00,272.0836872001
2011-06-17 13:00:00,203.4532045824
2012-12-11 00:00:00,30.8538248068
2012-04-01 11:00:00,453.5793555948
2012-11-03 21:00:00,165.5917899301
2011-01-19 11:00:00,51.7682883662
2012-10-02 05:00:00,42.8207069582
2011-02-19 06:00:00,5.0309716873
2012-04-15 01:00:00,106.1103646437
2011-01-15 12:00:00,88.5028303128
2011-08-15 22:00:00,97.6549528603
2011-06-13 20:00:00,330.244963967
2012-09-19 04:00:00,10.1006686406
2012-07-04 01:00:00,123.0778765865
2012-01-16 22:00:00,43.3270859893
2012-09-05 19:00:00,661.702878121
2011-04-04 07:00:00,156.8545015759
2011-07-04 08:00:00,88.6298063043
2012-02-11 05:00:00,1.9214533935
2011-06-17 11:00:00,180.0014236622
2011-10-05 11:00:00,169.6933031882
2012-02-19 19:00:00,118.691397312
2011-03-10 09:00:00,23.8296911719
2012-09-16 02:00:00,89.4170390872
2012-05-03 15:00:00,282.0319085775
2011-03-04 00:00:00,11.8315438229
2011-07-01 03:00:00,10.9998773331
2011-06-12 07:00:00,34.0133872143
2012-08-12 09:00:00,215.9049549276
2012-12-11 16:00:00,360.010949276
2012-08-06 07:00:00,409.0529788303
2011-02-12 07:00:00,10.7691761465
2012-05-06 19:00:00,386.3746381011
2011-05-04 15:00:00,128.306840575
2011-04-06 09:00:00,164.4013600985
2011-06-03 13:00:00,250.0391549517
2012-11-18 00:00:00,128.9500578418
2011-02-06 20:00:00,26.1233336981
2012-09-10 01:00:00,18.3588665078
2012-05-18 05:00:00,33.9067788763
2012-11-04 09:00:00,218.0502495869
2012-01-10 23:00:00,40.8753089591
2012-12-13 18:00:00,480.989015741
2012-11-04 17:00:00,322.7234780821
2011-07-09 01:00:00,53.0754655781
2012-09-02 17:00:00,535.3274668351
2012-06-10 22:00:00,159.4132310077
2011-03-15 22:00:00,20.6223472884
2011-09-07 14:00:00,24.7755844671
2012-09-01 19:00:00,407.4250951967
2011-07-03 04:00:00,4.4569973047
2012-09-14 11:00:00,279.358271145
2011-12-06 14:00:00,74.4308717461
2012-06-04 04:00:00,8.1182896671
2011-05-16 04:00:00,6.160016386
2011-10-08 21:00:00,186.122979668
2012-01-09 05:00:00,20.7349166824
2012-03-16 20:00:00,234.6553042353
2012-09-11 23:00:00,109.1697939606
2012-05-12 05:00:00,13.0329590945
2012-11-03 01:00:00,89.2855279141
2011-02-02 09:00:00,122.3795676075
2011-07-05 23:00:00,72.7462453949
2012-08-02 04:00:00,8.9171420279
2012-12-05 05:00:00,49.2833026681
2011-11-02 09:00:00,227.7738950777
2011-10-07 01:00:00,28.0406410708
2012-05-13 01:00:00,94.0798470328
2011-02-06 04:00:00,2.0570417363
2011-01-01 15:00:00,112.2769859752
2011-05-15 15:00:00,474.3975287164
2012-09-09 19:00:00,463.912163456
2011-10-10 01:00:00,34.1535301175
2012-01-05 07:00:00,215.3986787549
2012-07-19 03:00:00,5.027751502
2011-04-06 22:00:00,84.2052485738
2012-12-10 16:00:00,344.5817330956
2012-11-13 16:00:00,310.3240261848
2011-10-18 21:00:00,206.3998563204
2012-11-02 18:00:00,528.0326116512
2011-08-14 22:00:00,39.4491602489
2011-08-02 10:00:00,138.3123167374
2012-06-11 23:00:00,79.7107522044
2011-07-07 12:00:00,170.5199679938
2012-03-03 09:00:00,92.9608939069
2012-08-18 12:00:00,667.8569110712
2011-05-08 08:00:00,85.5967160031
2012-05-01 15:00:00,234.5841668377
2011-04-08 12:00:00,80.7681015845
2011-01-05 15:00:00,62.2162102118
2012-07-12 11:00:00,216.6736277538
2011-11-17 06:00:00,74.3228429247
2011-07-02 18:00:00,386.5929830745
2011-02-16 19:00:00,160.8782803739
2012-01-01 13:00:00,221.7295926298
2011-05-08 07:00:00,22.868808896
2011-08-07 02:00:00,65.9359067475
2011-07-19 21:00:00,239.1593469666
2012-12-19 07:00:00,368.1092960264
2012-08-12 19:00:00,468.0061709246
2011-11-17 01:00:00,4.9039263769
2011-01-02 14:00:00,59.1408723413
2011-04-14 15:00:00,142.1505150769
2012-02-06 13:00:00,141.493724657
2011-02-02 13:00:00,75.1122945022
2012-11-19 09:00:00,277.3505773713
2012-08-16 19:00:00,669.9114439832
2011-01-13 23:00:00,14.9379425704
2012-12-06 21:00:00,189.5746840063
2012-07-09 17:00:00,855.1197107621
2012-01-08 06:00:00,2.0220827142
2011-05-19 06:00:00,102.8762911385
2012-08-15 05:00:00,38.9344928743
2012-11-04 11:00:00,454.0748627192
2012-10-11 23:00:00,186.865399599
2011-08-11 07:00:00,310.1033768172
2011-06-10 01:00:00,23.6427062602
2012-01-19 08:00:00,411.1809446297
2011-11-12 04:00:00,7.0361393637
2012-08-19 16:00:00,353.0026802352
2011-12-11 19:00:00,104.9800307488
2012-02-06 23:00:00,46.2421479471
2012-10-13 23:00:00,125.9554239558
2011-08-10 15:00:00,194.2832146578
2011-02-14 19:00:00,98.9870135201
2011-05-19 14:00:00,179.8476985793
2011-04-06 02:00:00,5.0063341149
2011-04-13 18:00:00,323.0714868146
2011-12-17 10:00:00,181.7059790797
2012-04-06 08:00:00,515.0337140436
2012-11-14 04:00:00,5.9615241328
2012-06-06 00:00:00,49.1938274346
2012-03-14 15:00:00,278.0509667969
2012-07-18 03:00:00,4.42665717
2012-08-06 13:00:00,290.3784945284
2012-04-10 19:00:00,483.9666299419
2012-04-08 18:00:00,316.8624407419
2011-03-14 07:00:00,88.1032401557
2011-02-14 22:00:00,45.2404646983
2011-04-14 06:00:00,70.1314958978
2012-10-07 04:00:00,10.9291906419
2012-07-16 22:00:00,285.1366914037
2011-10-08 10:00:00,335.5212104134
2012-09-17 10:00:00,202.7753120402
2012-10-05 21:00:00,267.281791821
2011-12-14 15:00:00,167.4047404903
2011-01-11 11:00:00,34.935936864
2012-01-05 09:00:00,227.7163910644
2011-05-15 14:00:00,433.8513892839
2012-01-07 17:00:00,320.344547524
2012-01-09 15:00:00,69.5623517112
2012-05-02 10:00:00,175.0255817493
2012-05-04 14:00:00,241.9626291231
2011-03-19 18:00:00,214.1703277748
2012-10-16 22:00:00,179.9750768699
2012-06-13 00:00:00,33.8588211355
2012-12-10 18:00:00,565.1558075429
2011-05-13 01:00:00,19.8496727101
2012-03-15 02:00:00,18.6427642659
2012-06-16 14:00:00,576.9522455365
2012-12-08 13:00:00,540.2021720149
2011-04-01 12:00:00,94.8602976096
2012-05-17 09:00:00,353.6591992287
2011-06-19 23:00:00,91.5482530281
2012-02-11 22:00:00,45.7127127019
2012-12-01 17:00:00,320.5606221712
2011-11-12 15:00:00,387.2164106683
2012-12-03 23:00:00,99.7500763399
2012-02-16 06:00:00,87.0980038974
2011-01-10 02:00:00,3.0223473982
2011-07-05 22:00:00,154.8349836906
2011-02-19 04:00:00,3.1502551311
2012-09-05 11:00:00,217.8522842838
2011-03-01 15:00:00,63.8399035068
2011-12-14 23:00:00,50.9093342984
2011-01-19 23:00:00,28.3500989284
2012-04-02 11:00:00,205.8790672197
2012-01-17 10:00:00,62.3179464842
2012-06-09 00:00:00,207.3170020571
2011-05-04 09:00:00,39.7847957061
2012-11-10 00:00:00,122.0775687194
2011-08-17 08:00:00,483.6570601712
2011-08-12 18:00:00,456.1048379073
2011-11-08 20:00:00,180.801862881
2011-06-05 08:00:00,97.6312330438
2011-10-11 06:00:00,121.7726179138
2012-06-11 07:00:00,496.0927955653
2012-05-01 16:00:00,352.878858272
2011-03-03 06:00:00,35.2481758797
2012-03-18 10:00:00,362.7935376414
2011-05-15 04:00:00,12.9719033113
2012-03-12 12:00:00,220.1352623479
2011-10-04 14:00:00,181.8990096005
2012-04-12 01:00:00,9.0706567396
2011-08-08 23:00:00,72.7682875984
2012-10-01 18:00:00,613.6626607192
2012-07-12 19:00:00,629.5366993612
2011-12-19 05:00:00,20.8540572697
2012-12-16 01:00:00,95.8326742056
2011-05-16 17:00:00,271.9464459029
2011-11-08 17:00:00,494.2001546926
2012-11-07 02:00:00,73.7759459174
2012-04-02 08:00:00,588.691195008
2011-11-01 13:00:00,166.9584533032
2012-02-06 19:00:00,291.6528515292
2012-11-05 15:00:00,231.2245412383
2012-04-08 22:00:00,118.7935806391
2011-04-12 22:00:00,53.7963859255
2012-11-07 17:00:00,515.8164065786
2011-11-13 06:00:00,23.1094368917
2011-01-18 19:00:00,99.3971906962
2012-11-01 21:00:00,265.5930736325
2011-06-06 23:00:00,59.923520188
2011-09-08 08:00:00,194.0312966366
2011-09-01 04:00:00,6.9898991234
2012-04-16 19:00:00,512.8075464157
2012-07-18 09:00:00,296.664101888
2012-10-18 19:00:00,522.7247232356
2011-11-02 08:00:00,469.0131824683
2012-11-07 23:00:00,40.038803188
2012-06-15 13:00:00,392.3139307665
2012-11-12 10:00:00,265.9006095802
2011-12-06 16:00:00,88.1172402926
2011-05-11 05:00:00,19.9702063641
2012-06-05 12:00:00,246.1131791428
2011-12-14 20:00:00,175.6996359894
2012-05-02 07:00:00,359.5636882162
2011-10-08 05:00:00,7.8337575037
2012-11-04 20:00:00,141.1935581086
2012-05-15 03:00:00,5.8431168113
2011-05-16 13:00:00,213.3517586563
2012-01-15 16:00:00,206.5986642497
2012-10-09 17:00:00,784.6291659789
2011-05-01 21:00:00,105.3090492544
2011-03-03 21:00:00,51.3686968388
2011-11-08 00:00:00,18.1061906644
2012-12-12 07:00:00,371.7486099839
2012-06-12 02:00:00,6.0279356517
2012-12-02 07:00:00,31.0157449409
2011-10-03 08:00:00,373.4464393151
2011-12-04 06:00:00,4.037621225
2011-04-17 14:00:00,356.0606842412
2011-08-02 21:00:00,251.2220346197
2011-02-09 15:00:00,64.3733488211
2012-01-19 21:00:00,121.4568985851
2011-07-01 05:00:00,29.8346799286
2011-07-16 05:00:00,9.8246000701
2012-12-09 08:00:00,70.3790948596
2011-10-16 15:00:00,410.2255651688
2012-10-02 03:00:00,5.0640128323
2011-02-09 21:00:00,82.9951609675
2012-10-15 16:00:00,450.8978684655
2012-10-04 23:00:00,156.203200103
2011-04-05 04:00:00,2.2891975699
2011-06-08 16:00:00,231.370670838
2011-08-07 22:00:00,102.982156263
2012-06-19 22:00:00,293.3792112276
2012-05-17 16:00:00,429.7457075192
2012-03-10 13:00:00,358.4988706408
2011-09-07 22:00:00,29.2369358852
2011-01-03 23:00:00,11.9541050955
2011-11-07 19:00:00,298.1752037131
2011-08-14 13:00:00,376.5260264073
2012-01-05 05:00:00,25.9830553271
2011-06-19 16:00:00,378.1113586397
2012-07-05 09:00:00,292.6492824025
2012-12-05 15:00:00,286.4738452042
2011-01-09 05:00:00,1.0992717224
2012-08-05 03:00:00,40.7924474223
2012-11-13 22:00:00,135.26068769
2011-03-15 06:00:00,35.2407053052
2012-01-12 03:00:00,3.0672199216
2011-08-03 15:00:00,118.9484923887
2012-10-04 12:00:00,290.8613690055
2012-01-16 17:00:00,193.4082327484
2011-07-13 12:00:00,175.9388829592
2012-09-06 04:00:00,7.686968829
2011-02-04 02:00:00,0.9148625538
2012-06-10 01:00:00,116.7828967045
2011-11-04 01:00:00,17.0854784113
2012-09-01 11:00:00,493.9439495582
2012-10-01 22:00:00,206.4762939551
2011-02-03 15:00:00,60.0861157788
2011-08-19 09:00:00,218.9591353125
2011-05-05 01:00:00,10.0199876646
2012-03-12 10:00:00,135.8215784084
2012-05-03 08:00:00,623.7518960457
2011-09-12 21:00:00,194.9867473358
2011-02-06 03:00:00,12.7698772473
2011-08-07 12:00:00,373.6818518462
2012-05-13 15:00:00,497.1217907866
2012-01-19 06:00:00,85.9396033632
2012-02-08 08:00:00,509.9553862776
2011-01-01 14:00:00,115.8739689279
2011-06-04 16:00:00,433.7080837471
2011-08-13 07:00:00,43.9316524183
2012-06-06 17:00:00,714.4118909992
2011-11-02 01:00:00,9.9600212647
2012-01-10 04:00:00,3.8457016314
2012-11-08 12:00:00,236.8083793521
2011-07-18 21:00:00,201.8615583793
2011-06-07 19:00:00,429.6110969736
2012-12-13 13:00:00,268.9304142695
2011-11-10 01:00:00,10.8449011081
2012-01-08 04:00:00,6.1649624951
2012-02-16 01:00:00,4.9842316468
2012-11-15 06:00:00,148.2455605072
2012-06-16 19:00:00,461.0590261004
2011-08-12 20:00:00,289.1975759394
2011-07-06 04:00:00,5.9624824244
2012-08-03 17:00:00,748.8658082572
2012-09-01 13:00:00,499.9790817517
2012-11-01 05:00:00,40.0169254999
2012-03-09 04:00:00,1.0140462814
2011-09-13 06:00:00,122.4774977524
2012-07-19 20:00:00,505.412659723
2012-02-17 03:00:00,0.9374760857
2011-12-07 19:00:00,32.5138543189
2012-12-05 23:00:00,73.8908095573
2012-08-02 14:00:00,225.446490104
2012-11-18 23:00:00,59.0134482193
2011-05-09 02:00:00,8.0196732904
2012-07-16 21:00:00,328.1118961929
2011-07-18 19:00:00,395.1360673047
2012-02-03 00:00:00,37.9146879222
2011-11-02 18:00:00,496.2601890609
2012-08-19 15:00:00,272.4873378001
2011-09-17 13:00:00,354.7059413665
2011-02-07 15:00:00,50.1028581159
2011-12-11 11:00:00,197.2320243992
2012-04-15 00:00:00,123.9395247126
2012-02-08 05:00:00,20.0931847519
2012-11-15 21:00:00,223.4302506832
2011-12-07 00:00:00,33.0996869433
2011-03-10 19:00:00,54.006280269
2012-04-04 12:00:00,283.7922461791
2011-04-05 02:00:00,4.9789596306
2011-05-14 11:00:00,278.318834586
2012-12-01 23:00:00,125.5512754392
2011-12-09 10:00:00,125.8305363789
2011-06-06 05:00:00,30.7352317337
2011-06-13 15:00:00,185.0770224684
2012-02-10 01:00:00,13.0925710766
2011-09-10 08:00:00,119.020958631
2011-06-06 04:00:00,7.8501764449
2012-12-18 07:00:00,363.5270012243
2012-09-19 23:00:00,123.4224732605
2012-03-05 14:00:00,127.4423315471
2011-12-04 13:00:00,355.1957806713
2012-05-12 14:00:00,607.655113114
2011-02-11 08:00:00,218.2326046065
2011-03-06 11:00:00,61.4556119916
2012-06-11 03:00:00,6.0965778471
2012-04-09 07:00:00,330.1064877748
2011-05-10 23:00:00,81.375027796
2011-04-05 05:00:00,5.0500594076
2012-02-05 23:00:00,41.8993900439
2012-11-09 16:00:00,442.6773478154
2011-04-19 15:00:00,127.0670246804
2012-01-03 11:00:00,75.6971344164
2012-02-02 07:00:00,206.0738132741
2011-12-02 19:00:00,264.1918449651
2011-04-14 16:00:00,201.9832728485
2011-11-01 05:00:00,17.927137437
2012-08-17 09:00:00,376.9777346783
2011-10-04 09:00:00,187.1495990335
2011-07-07 22:00:00,182.5567470956
2011-12-08 05:00:00,11.8670197868
2012-06-17 16:00:00,588.8183211738
2011-02-05 06:00:00,3.9720242274
2012-10-19 07:00:00,154.571362671
2011-10-04 16:00:00,307.2929586549
2012-05-18 17:00:00,805.4607575467
2011-12-16 20:00:00,151.252441751
2012-07-16 18:00:00,815.2078324321
2011-11-09 14:00:00,178.739264423
2012-10-16 05:00:00,51.6427891497
2011-11-05 08:00:00,83.87601824
2011-09-10 10:00:00,319.0944475218
2012-06-02 17:00:00,594.9198986037
2012-05-07 10:00:00,189.137239492
2011-05-05 23:00:00,115.1182843839
2011-08-16 13:00:00,190.9198274275
2012-02-16 05:00:00,19.981732951
2012-06-07 07:00:00,528.926454852
2012-07-12 03:00:00,9.8425083718
2011-03-18 12:00:00,197.3660718026
2011-07-18 00:00:00,51.8210048434
2011-06-06 10:00:00,95.6263807321
2012-07-02 14:00:00,230.9126881839
2011-08-07 18:00:00,230.1546651664
2011-05-09 07:00:00,238.1047338084
2011-08-13 21:00:00,168.0160872308
2012-01-18 03:00:00,3.8530599313
2012-01-12 04:00:00,2.0202076112
2012-11-07 08:00:00,597.9099518526
2012-11-13 00:00:00,23.0057234063
2011-01-03 11:00:00,51.0336457813
2011-10-16 06:00:00,9.9010014132
2012-05-16 09:00:00,345.1333668812
2011-02-12 00:00:00,30.4649905879
2012-01-15 19:00:00,108.9347725851
2012-03-17 06:00:00,30.0992462062
2011-10-12 11:00:00,120.4820449725
2012-01-09 22:00:00,62.4556992892
2012-09-05 18:00:00,825.3635072331
2012-03-02 07:00:00,262.6332108475
2012-03-15 23:00:00,97.4460988252
2012-11-17 02:00:00,49.0792506186
2012-09-19 13:00:00,286.2365654498
2011-04-10 16:00:00,283.4788920722
2012-04-04 08:00:00,682.1989818901
2012-11-08 14:00:00,181.4453684443
2011-12-07 03:00:00,2.950262834
2011-03-08 08:00:00,257.3142482684
2012-08-17 04:00:00,9.1337797331
2011-07-10 22:00:00,142.8078544093
2011-04-10 09:00:00,81.2995377157
2011-08-18 22:00:00,135.4039382246
2012-06-05 19:00:00,504.4910656684
2011-03-05 12:00:00,167.483414014
2011-10-05 09:00:00,220.3548425827
2011-02-10 19:00:00,111.1020607937
2012-03-06 20:00:00,185.4304592379
2012-05-11 05:00:00,26.0241079656
2011-07-04 09:00:00,238.3179884363
2012-10-02 17:00:00,722.7438304639
2012-07-06 03:00:00,6.9789971233
2012-06-10 04:00:00,9.9421989406
2011-05-02 14:00:00,180.1179232292
2011-06-19 17:00:00,395.7327537867
2012-01-13 00:00:00,41.9021832689
2011-12-08 06:00:00,70.830557922
2011-09-06 18:00:00,375.7754037318
2012-11-18 21:00:00,109.3875440701
2011-07-05 16:00:00,284.230232001
2012-01-12 07:00:00,220.4678274634
2011-07-05 19:00:00,377.3973651157
2011-01-19 07:00:00,89.8149398992
2011-04-07 17:00:00,341.0174923302
2011-06-10 18:00:00,464.009252772
2012-04-06 20:00:00,251.1666935861
2012-09-18 20:00:00,290.6268793482
2011-06-07 14:00:00,148.8461052424
2011-10-04 21:00:00,165.6318864141
2012-07-15 14:00:00,469.1690463486
2012-03-01 00:00:00,10.9134695518
2012-11-01 04:00:00,9.9539776436
2012-08-05 18:00:00,230.3190372185
2012-11-05 05:00:00,38.9277063706
2011-11-02 15:00:00,187.0194423354
2012-02-16 07:00:00,287.0132154811
2012-04-10 16:00:00,366.5225876741
2012-08-16 02:00:00,14.6735515966
2012-11-16 09:00:00,353.1607023492
2012-11-04 06:00:00,16.0168634673
2011-05-08 10:00:00,244.7832453664
2012-12-04 10:00:00,156.3792373873
2011-07-02 07:00:00,44.77446805
2012-06-16 22:00:00,286.470400265
2011-07-15 21:00:00,262.3003604942
2011-12-06 03:00:00,3.0322787203
2012-01-01 22:00:00,65.2315701597
2012-12-10 09:00:00,282.435968613
2011-02-05 01:00:00,17.9531796725
2011-04-16 18:00:00,38.2132893055
2012-10-19 00:00:00,56.0889706171
2011-06-07 09:00:00,217.4966520854
2012-10-05 11:00:00,300.5552919773
2011-07-19 06:00:00,133.2900830465
2011-03-17 21:00:00,137.8351940704
2011-06-13 16:00:00,324.2804038438
2011-07-10 12:00:00,378.3898757206
2012-12-05 14:00:00,218.6488486003
2011-03-14 17:00:00,269.9288328821
2011-10-17 05:00:00,29.1148790348
2011-06-14 08:00:00,485.9912837881
2012-01-15 03:00:00,25.075806975
2011-11-19 15:00:00,387.2293700441
2011-04-13 17:00:00,308.7566674774
2011-07-16 15:00:00,432.7068533972
2012-09-14 17:00:00,872.2137323908
2012-04-16 12:00:00,270.810206429
2012-10-06 15:00:00,627.7113637983
2012-09-18 18:00:00,283.630765955
2012-04-19 22:00:00,248.4924955463
2011-05-05 16:00:00,266.9871324884
2011-07-10 07:00:00,64.4326868411
2011-11-14 16:00:00,316.4959606247
2011-09-16 12:00:00,250.4087734875
2011-02-02 00:00:00,1.8769483804
2012-10-04 21:00:00,321.8176663865
2011-11-06 05:00:00,5.1532472272
2012-03-08 07:00:00,330.8784666121
2012-05-08 19:00:00,470.5036751715
2011-02-08 20:00:00,56.154311411
2012-05-06 01:00:00,121.9874832233
2012-11-15 15:00:00,216.3716537304
2011-09-15 22:00:00,115.186721906
2011-08-05 17:00:00,546.2081920593
2011-11-15 19:00:00,287.0895607566
2012-06-14 04:00:00,6.1061151254
2011-02-07 11:00:00,47.2926805011
2011-06-11 22:00:00,189.0461135427
2012-10-06 13:00:00,696.7001060925
2011-08-08 14:00:00,151.3797199851
2011-10-07 19:00:00,295.2943059365
2011-07-12 14:00:00,121.9068894959
2012-09-03 09:00:00,230.0161512552
2011-11-01 09:00:00,222.0783513084
2012-02-12 02:00:00,26.9193675781
2011-11-19 21:00:00,107.7276664938
2011-06-12 13:00:00,369.9381726452
2012-06-06 21:00:00,298.2041217347
2011-12-17 07:00:00,20.0458363058
2012-10-07 12:00:00,389.9710856282
2011-09-11 09:00:00,227.3502715026
2011-01-17 12:00:00,80.3959671192
2012-03-09 15:00:00,237.2457744336
2012-08-11 10:00:00,409.2444911704
2011-02-16 10:00:00,69.2121708599
2011-05-04 11:00:00,72.6112529455
2012-01-14 12:00:00,219.1003798003
2011-03-05 09:00:00,63.8006268811
2012-01-18 15:00:00,131.6398920398
2012-04-05 17:00:00,818.4235640634
2012-08-02 01:00:00,42.5016540374
2012-08-08 21:00:00,385.2097382189
2012-06-08 12:00:00,370.6217175143
2012-02-05 21:00:00,65.626206238
2012-06-09 17:00:00,489.3612769482
2011-09-06 00:00:00,8.0782951458
2012-04-19 00:00:00,25.1622751827
2011-12-09 18:00:00,319.7735871352
2011-11-09 05:00:00,27.956716183
2011-10-19 09:00:00,200.4094331517
2012-09-07 05:00:00,40.2161267208
2011-10-12 10:00:00,114.2061832122
2011-02-02 11:00:00,51.7569653531
2011-01-16 05:00:00,1.8584160363
2011-01-11 16:00:00,76.1276747112
2012-04-05 08:00:00,633.7160530167
2012-08-08 06:00:00,172.0345721953
2012-05-03 11:00:00,201.0896281174
2012-04-04 16:00:00,386.3065931871
2011-10-15 14:00:00,469.5566847174
2012-12-16 10:00:00,255.8456438774
2012-02-19 20:00:00,103.4392751963
2012-08-04 20:00:00,324.9464167705
2012-06-13 04:00:00,10.0116329488
2011-09-12 23:00:00,68.8485101707
2012-04-06 17:00:00,652.2475873578
2012-03-08 13:00:00,234.468115731
2012-01-17 17:00:00,461.0127839012
2012-07-19 07:00:00,486.5478025196
2012-11-14 09:00:00,332.3486168847
2012-11-10 22:00:00,192.640784936
2012-09-18 01:00:00,5.0133560168
2012-09-18 12:00:00,89.2137577995
2012-09-01 01:00:00,79.1217941931
2012-02-01 01:00:00,4.0028773559
2011-12-08 07:00:00,244.3848890295
2012-08-16 20:00:00,511.3064858531
2012-07-16 00:00:00,42.6816584541
2011-01-18 21:00:00,40.855105381
2012-03-12 11:00:00,148.8953320503
2012-07-16 06:00:00,140.7788572375
2011-01-09 07:00:00,6.0617215624
2012-10-02 22:00:00,241.2127276094
2011-06-14 17:00:00,566.6951063131
2011-10-03 04:00:00,8.0677880859
2011-04-04 02:00:00,2.0497258871
2011-06-14 07:00:00,366.82160783
2011-03-08 06:00:00,45.0495273231
2012-05-02 18:00:00,840.8762057273
2011-04-05 16:00:00,129.9470647035
2012-10-09 07:00:00,366.5747485864
2012-10-10 00:00:00,32.8497269744
2011-11-08 15:00:00,188.2639832319
2011-06-13 03:00:00,6.8967726356
2012-06-08 00:00:00,77.4984339602
2012-12-08 11:00:00,407.4508467957
2011-02-11 15:00:00,75.2711031453
2012-03-13 03:00:00,1.9291190546
2011-03-15 21:00:00,54.6323275849
2011-11-07 23:00:00,47.8488188966
2012-12-17 11:00:00,169.4301905138
2011-09-06 22:00:00,84.7917768325
2012-06-01 06:00:00,141.2443885812
2012-02-15 13:00:00,170.7389819442
2011-06-09 08:00:00,434.6162666814
2011-05-01 05:00:00,9.9714865023
2011-08-10 08:00:00,398.1616999938
2011-01-16 02:00:00,16.0702716971
2012-12-12 02:00:00,8.824171027
2012-06-13 01:00:00,28.0900620114
2011-02-12 10:00:00,84.3209205244
2012-02-12 13:00:00,137.1125698809
2011-07-09 23:00:00,139.5988134481
2011-12-17 01:00:00,42.9477545328
2012-02-06 00:00:00,21.2049725943
2012-03-14 01:00:00,26.8757004
2012-12-14 11:00:00,209.5400886143
2011-10-18 07:00:00,336.3579953422
2011-09-06 08:00:00,363.4405164387
2011-09-02 12:00:00,260.3370455538
2011-02-19 13:00:00,151.0616078695
2012-03-05 11:00:00,102.8950028812
2012-10-08 18:00:00,456.8327304023
2011-05-11 12:00:00,226.542643335
2011-10-01 07:00:00,36.1329191815
2011-07-08 01:00:00,34.220092471
2012-03-09 10:00:00,159.7051196334
2011-02-05 17:00:00,77.8984705498
2012-12-12 21:00:00,200.6371873483
2012-06-12 16:00:00,239.6264754658
2011-09-03 19:00:00,286.9302789415
2012-12-17 00:00:00,28.2394451191
2011-03-01 12:00:00,85.8416291729
2012-06-15 03:00:00,5.0700614698
2012-08-17 18:00:00,653.4035084145
2012-02-09 05:00:00,17.97418412
2012-10-15 02:00:00,6.1232720741
2011-04-19 18:00:00,420.0923306547
2012-10-05 22:00:00,265.9552115424
2011-11-01 23:00:00,72.2362918714
2012-04-14 13:00:00,687.1072699103
2012-12-07 03:00:00,4.9549898753
2011-08-18 00:00:00,56.4574283538
2011-02-13 23:00:00,30.1619915774
2012-12-04 07:00:00,507.3504148971
2012-01-09 00:00:00,14.9858235821
2012-03-07 00:00:00,14.8620119517
2012-03-18 08:00:00,95.6298247378
2011-06-17 00:00:00,23.8141308839
2012-09-02 23:00:00,125.7576462548
2011-04-08 17:00:00,145.6430210601
2012-03-08 02:00:00,10.9770248733
2011-12-09 09:00:00,265.5130899396
2012-07-10 10:00:00,190.673450199
2011-01-19 09:00:00,109.0086416779
2012-04-10 04:00:00,1.9841700431
2012-03-12 02:00:00,8.8014902092
2011-03-01 07:00:00,107.6240090002
2011-07-11 00:00:00,34.8577330032
2012-05-07 15:00:00,262.244323955
2011-07-12 01:00:00,14.0706906018
2012-12-06 19:00:00,372.0878705923
2012-02-09 19:00:00,300.7306332739
2012-11-15 17:00:00,561.5506116783
2012-10-19 04:00:00,5.9345198148
2012-09-11 04:00:00,8.955522074
2011-02-07 06:00:00,30.0405316571
2011-10-11 03:00:00,3.0330020014
2011-02-03 14:00:00,47.2016314633
2011-10-01 06:00:00,18.7795677146
2011-08-11 06:00:00,105.8363448137
2011-12-05 08:00:00,405.7879097021
2011-11-18 20:00:00,137.0745163134
2012-03-14 08:00:00,674.3396449428
2011-08-19 19:00:00,166.7716822321
2011-07-09 16:00:00,412.5935725936
2011-10-19 02:00:00,7.0601882617
2011-05-04 21:00:00,149.5668013008
2011-04-07 22:00:00,80.2871751156
2012-11-05 12:00:00,244.394308286
2011-09-18 15:00:00,366.3351711482
2011-03-18 10:00:00,116.3093016253
2011-05-09 21:00:00,156.6931684319
2011-06-16 18:00:00,324.5772160911
2012-05-18 08:00:00,754.553107539
2012-09-12 12:00:00,353.6220976394
2011-12-10 09:00:00,148.9645297823
2011-06-07 21:00:00,218.4883835804
2011-02-18 04:00:00,1.0079528361
2011-11-09 16:00:00,278.896851975
2011-04-15 02:00:00,17.8125251087
2012-06-18 05:00:00,23.0573628508
2011-04-07 06:00:00,64.1541020841
2012-07-05 21:00:00,320.6168606704
2012-08-09 19:00:00,632.0418913293
2011-12-02 16:00:00,276.3288871081
2011-10-14 04:00:00,8.0428934068
2011-09-02 06:00:00,75.7068257947
2012-02-06 05:00:00,16.8411585695
2011-08-11 10:00:00,135.1565061899
2011-02-03 17:00:00,174.1040547289
2011-05-15 05:00:00,14.0574127948
2012-04-15 17:00:00,626.5641911358
2011-02-11 07:00:00,74.0034291345
2011-06-18 22:00:00,162.7619545182
2012-09-01 05:00:00,22.0962205091
2012-12-08 22:00:00,160.2640986958
2012-10-06 11:00:00,660.2699575148
2012-11-09 19:00:00,361.233521699
2011-03-11 11:00:00,80.8203915413
2011-05-11 06:00:00,99.5920581575
2012-11-08 11:00:00,171.6177666875
2012-03-02 12:00:00,233.2650219404
2011-04-11 22:00:00,90.797380765
2012-03-02 09:00:00,314.0904917393
2012-06-04 07:00:00,511.9046750347
2011-06-17 10:00:00,170.717193215
2012-05-11 01:00:00,46.2125622824
2011-11-13 03:00:00,27.958453357
2011-09-03 03:00:00,35.0809976082
2011-02-10 00:00:00,15.9672881777
2011-07-12 06:00:00,114.5100587031
2011-03-18 01:00:00,15.8861442696
2011-01-07 10:00:00,62.471087352
2011-03-01 06:00:00,46.0687199435
2012-07-14 23:00:00,210.9260613628
2011-12-01 13:00:00,154.3025365859
2011-10-06 18:00:00,537.8122511535
2011-01-08 06:00:00,1.9591744466
2011-09-19 05:00:00,28.2691355008
2011-02-08 14:00:00,64.3632455034
2011-06-11 15:00:00,379.0985815598
2011-01-01 19:00:00,36.8690020683
2012-06-03 06:00:00,22.0552615572
2012-04-05 01:00:00,13.7171091981
2011-01-10 21:00:00,38.2714651632
2011-05-05 12:00:00,194.6868324689
2011-09-18 23:00:00,53.8892340428
2011-04-02 03:00:00,8.987393356
2011-07-06 03:00:00,6.1416493394
2012-09-16 22:00:00,126.8242673881
2011-01-13 17:00:00,161.780824746
2011-11-07 08:00:00,407.5129765228
2012-10-14 18:00:00,461.4327932456
2012-10-16 15:00:00,343.4531323656
2011-09-16 01:00:00,26.0650496081
2011-09-06 10:00:00,105.5520518083
2012-11-06 01:00:00,8.0719385671
2012-01-11 16:00:00,118.3222341104
2011-11-10 10:00:00,117.2500087651
2012-01-08 09:00:00,125.1136742906
2012-09-17 02:00:00,12.8676512387
2012-06-10 05:00:00,12.6610510961
2012-04-04 15:00:00,267.4094448059
2012-12-02 20:00:00,153.3599309411
2011-02-07 12:00:00,65.977625596
2011-02-18 08:00:00,278.560471544
2012-08-13 02:00:00,8.9275834528
2012-05-04 09:00:00,296.0235859781
2012-03-04 19:00:00,133.6476282681
2012-02-03 03:00:00,3.9213736129
2011-01-08 09:00:00,20.0334973493
2011-10-12 18:00:00,172.5069893714
2012-05-17 22:00:00,250.6997583516
2011-02-14 09:00:00,130.7008269104
2012-06-14 07:00:00,503.5336433452
2012-11-18 06:00:00,15.1743726951
2011-07-07 14:00:00,160.043990596
2012-03-16 07:00:00,278.6689249373
2012-01-19 17:00:00,388.0972457418
2012-10-08 09:00:00,327.6426876289
2011-12-14 08:00:00,447.6238132449
2012-04-02 13:00:00,280.1160999552
2011-01-11 22:00:00,29.0302561004
2012-03-10 09:00:00,148.2820027226
2012-06-12 22:00:00,207.6275223759
2011-07-11 09:00:00,209.9346967727
2012-04-08 20:00:00,211.3405162816
2012-08-15 23:00:00,138.8072659771
2011-07-01 17:00:00,468.9606534561
2012-03-11 13:00:00,471.6316285405
2011-01-02 12:00:00,93.019659436
2012-10-07 06:00:00,22.8938759804
2011-10-11 05:00:00,19.9425533217
2012-08-04 02:00:00,84.3841833265
2011-04-03 06:00:00,33.1070128098
2012-03-07 07:00:00,343.796922449
2012-03-08 10:00:00,137.6713201929
2012-12-10 01:00:00,3.9969656966
2011-02-03 23:00:00,38.2443136876
2011-03-14 21:00:00,63.2753081362
2012-01-13 12:00:00,153.2662022117
2011-08-04 14:00:00,168.1875394439
2011-11-14 08:00:00,451.5345646046
2012-03-16 01:00:00,25.9730572781
2011-11-03 20:00:00,209.3876140181
2011-09-03 07:00:00,37.7619965234
2011-12-01 19:00:00,227.8597691241
2011-12-02 09:00:00,247.5750887219
2011-11-05 14:00:00,385.1560092585
2012-11-11 02:00:00,69.7609910964
2011-11-08 13:00:00,196.2499306079
2012-09-16 23:00:00,93.8389010192
2012-09-04 01:00:00,24.2646897763
2011-01-06 05:00:00,3.9567606718
2011-11-12 13:00:00,354.5933623348
2011-12-04 01:00:00,73.4445920335
2011-03-06 09:00:00,22.0715250583
2012-11-01 06:00:00,148.3742399463
2011-03-11 13:00:00,106.6173048289
2012-08-15 15:00:00,267.3813606729
2012-03-15 04:00:00,13.900891174
2011-11-11 08:00:00,258.0734395106
2011-06-18 03:00:00,20.0156992126
2012-07-19 15:00:00,291.8766559435
2011-06-02 10:00:00,139.0085487691
2012-12-12 22:00:00,121.6850825944
2012-07-18 02:00:00,8.2493760481
2011-03-14 19:00:00,150.0223233512
2012-05-08 01:00:00,9.2894984028
2011-10-14 17:00:00,480.2116774736
2012-08-15 04:00:00,4.0426119942
2011-06-10 15:00:00,212.9255575229
2011-08-15 08:00:00,354.926559355
2012-11-12 13:00:00,418.8851629175
2012-09-04 02:00:00,5.1253499418
2012-07-02 04:00:00,11.8747810788
2011-07-17 20:00:00,260.0620080227
2012-06-14 13:00:00,283.7265667677
2012-07-06 06:00:00,129.5240725879
2012-02-14 08:00:00,512.0879109822
2011-02-08 18:00:00,151.6124652476
2012-03-04 02:00:00,80.2339533071
2011-06-08 21:00:00,207.7047378757
2011-04-06 06:00:00,56.1847842236
2012-06-08 06:00:00,139.3381761973
2012-09-12 23:00:00,126.5018974928
2012-07-13 09:00:00,419.9279482738
2011-04-03 23:00:00,31.1585764241
2011-01-07 17:00:00,186.8924424285
2011-10-10 00:00:00,52.8951847463
2011-09-15 10:00:00,120.2644651362
2012-10-05 08:00:00,763.8088981849
2011-12-19 04:00:00,3.9880395776
2012-03-09 12:00:00,202.5582805331
2011-09-15 19:00:00,232.3654982145
2011-03-13 08:00:00,33.9559601783
2011-05-19 01:00:00,5.9583012954
2011-06-19 21:00:00,167.4915997881
2011-06-04 01:00:00,94.0630313628
2011-11-18 18:00:00,326.9430284071
2012-01-16 15:00:00,191.1962247535
2011-07-12 02:00:00,9.2100347468
2011-03-04 19:00:00,106.7248498754
2011-07-04 13:00:00,401.7807007588
2012-02-15 14:00:00,134.3096219632
2012-09-13 10:00:00,211.9351258368
2011-08-11 00:00:00,46.1894155169
2011-01-01 08:00:00,7.9242216058
2012-09-06 01:00:00,17.8601467374
2011-08-14 07:00:00,23.7853328925
2011-10-13 16:00:00,276.3486336874
2011-11-06 13:00:00,316.8606158402
2012-09-02 06:00:00,15.1293177453
2011-03-14 12:00:00,94.2657583902
2012-03-10 12:00:00,334.0178002558
2011-03-06 20:00:00,10.8618598388
2011-11-11 19:00:00,200.2339546467
2011-09-05 21:00:00,60.0318667728
2011-09-06 13:00:00,28.7775646084
2011-10-15 21:00:00,167.7965259238
2011-10-09 14:00:00,488.3860264945
2011-11-07 20:00:00,203.477253477
2012-05-07 12:00:00,261.359050371
2012-03-09 05:00:00,29.0628770622
2011-08-05 06:00:00,102.4307265641
2012-12-13 17:00:00,551.9229099028
2012-09-01 16:00:00,455.1657245356
2012-06-09 11:00:00,563.7822340856
2012-09-03 06:00:00,14.6787413818
2011-08-03 23:00:00,56.1507938293
2011-04-18 13:00:00,169.2629104644
2011-06-11 09:00:00,230.3153657106
2011-06-01 07:00:00,286.0206032433
2011-11-11 04:00:00,8.1843848353
2011-09-17 17:00:00,356.6358181021
2012-01-14 16:00:00,205.3482725548
2011-02-11 06:00:00,24.0928875519
2011-08-01 09:00:00,165.0601167839
2011-08-17 12:00:00,189.7956717241
2012-01-05 00:00:00,14.0984202314
2012-09-12 16:00:00,511.4600448305
2012-07-04 14:00:00,535.5679194439
2012-07-13 03:00:00,9.0785280905
2011-03-08 16:00:00,111.785901535
2012-07-07 20:00:00,279.1700320942
2012-08-08 20:00:00,500.7546546272
2012-03-18 16:00:00,530.0005522947
2012-06-03 18:00:00,457.9061655246
2011-05-14 06:00:00,11.0526585256
2012-12-14 06:00:00,113.400331124
2012-06-17 10:00:00,452.3743208225
2011-07-10 03:00:00,25.1118104705
2012-08-04 15:00:00,504.4357468523
2012-04-07 20:00:00,207.4283659003
2012-08-15 18:00:00,872.2360843864
2011-12-13 19:00:00,266.8616668712
2011-05-17 17:00:00,604.6115316241
2011-10-08 13:00:00,490.3611992646
2012-06-04 23:00:00,86.9145822582
2012-01-13 14:00:00,128.6086525845
2011-07-17 10:00:00,312.1541225215
2011-04-04 22:00:00,75.3639442017
2011-09-07 02:00:00,6.0915438337
2012-04-16 00:00:00,40.9332027578
2011-06-12 02:00:00,66.4656454878
2012-09-13 22:00:00,249.5266690983
2011-10-03 22:00:00,91.0435725908
2012-04-15 18:00:00,484.0503250454
2012-03-16 09:00:00,314.4956477096
2012-12-07 23:00:00,122.3544049063
2012-07-07 12:00:00,332.3858354964
2011-10-14 18:00:00,427.0134077452
2012-11-02 11:00:00,222.3516815206
2012-08-14 01:00:00,26.8576475536
2011-02-17 15:00:00,105.8928745293
2012-12-15 16:00:00,403.9728572901
2011-08-09 11:00:00,147.9918399175
2011-10-19 21:00:00,85.4789776652
2011-01-07 11:00:00,66.4562082472
2012-10-05 09:00:00,380.7592304032
2012-10-09 22:00:00,161.8886913843
2011-08-09 14:00:00,146.9310991656
2011-05-05 04:00:00,6.9921433494
2011-01-17 15:00:00,93.68228082
2012-08-15 00:00:00,59.8846958568
2011-01-11 00:00:00,11.5714046218
2011-06-10 16:00:00,278.3767609576
2011-11-10 02:00:00,5.1234085501
2011-04-17 21:00:00,83.2994556145
2012-11-13 05:00:00,17.9181436063
2012-03-05 22:00:00,79.9405698804
2011-07-02 00:00:00,115.0561850514
2011-11-06 17:00:00,256.7199748823
2011-09-13 02:00:00,1.9075111268
2012-05-18 04:00:00,11.0133459555
2012-02-02 17:00:00,477.4685534531
2011-01-04 21:00:00,48.0987454726
2011-10-16 08:00:00,99.004482936
2011-11-12 09:00:00,159.0171040587
2012-01-19 03:00:00,3.9462145592
2012-10-03 18:00:00,783.2631121183
2011-06-01 21:00:00,189.8847871098
2012-08-03 15:00:00,387.0646153025
2012-09-13 16:00:00,490.0741530708
2012-03-16 15:00:00,107.2784579259
2012-06-01 03:00:00,3.8671232802
2012-12-03 04:00:00,5.0038832153
2012-01-14 10:00:00,148.6825973518
2012-04-04 03:00:00,3.062421844
2011-03-11 17:00:00,223.0448830708
2012-08-13 08:00:00,664.1428258069
2011-12-12 21:00:00,120.9736835695
2011-04-02 21:00:00,76.8626771041
2011-06-02 05:00:00,31.2848119918
2012-03-03 14:00:00,451.0775575795
2012-05-03 22:00:00,247.6446451304
2011-09-06 21:00:00,121.1276941378
2011-02-19 08:00:00,45.7395999797
2011-12-07 11:00:00,49.8380118991
2011-03-12 04:00:00,1.0847912574
2012-08-03 13:00:00,340.1847658172
2011-10-17 04:00:00,5.1924906065
2011-11-13 05:00:00,5.1008301542
2012-12-17 14:00:00,179.9630505256
2012-01-13 09:00:00,213.3547444819
2012-06-05 08:00:00,713.7729700854
2012-10-10 15:00:00,319.3759909033
2012-10-03 06:00:00,176.6414179283
2012-09-04 19:00:00,553.7574814652
2011-09-01 14:00:00,197.4357595262
2011-03-05 11:00:00,158.5872604692
2012-04-08 14:00:00,504.8567029349
2012-05-03 04:00:00,1.9350828551
2011-10-02 09:00:00,114.8217095189
2012-10-05 12:00:00,479.7519885261
2011-08-01 07:00:00,281.4690971343
2011-06-19 00:00:00,89.2099608576
2012-11-16 00:00:00,64.8639409253
2011-10-12 23:00:00,53.6107616817
2012-07-18 18:00:00,637.7505000524
2012-11-16 20:00:00,227.054946434
2012-11-14 18:00:00,568.4112836953
2011-11-08 03:00:00,2.9838283373
2012-03-06 00:00:00,8.0334677392
2011-01-14 07:00:00,70.068806061
2012-04-09 02:00:00,6.0802003888
2011-12-12 06:00:00,63.5489230345
2012-06-16 05:00:00,22.9137670954
2011-03-14 09:00:00,139.8189181183
2012-02-01 18:00:00,524.6737787278
2011-04-03 02:00:00,23.9899904337
2011-12-11 04:00:00,5.1044336608
2011-03-13 15:00:00,295.1378860091
2011-11-06 18:00:00,184.7846107362
2012-12-01 18:00:00,298.0340385456
2011-10-19 07:00:00,68.6433685083
2012-03-09 11:00:00,187.1544711717
2012-06-09 19:00:00,363.9132569191
2012-01-11 12:00:00,55.078081392
2011-02-13 03:00:00,11.9048868123
2012-03-15 00:00:00,59.9591339674
2011-10-05 14:00:00,190.2292355667
2012-06-15 02:00:00,14.9518480608
2011-11-15 08:00:00,487.7469828638
2011-01-11 18:00:00,95.7094028354
2011-08-04 09:00:00,187.8897675808
2012-01-07 23:00:00,119.3142994073
2011-10-01 17:00:00,228.7269700068
2011-11-06 08:00:00,90.4561731106
2012-08-14 00:00:00,59.739801813
2012-11-07 14:00:00,160.5828147849
2011-04-04 17:00:00,368.8607151639
2011-02-19 12:00:00,123.0419343358
2011-02-02 17:00:00,188.0047134508
2011-10-01 15:00:00,194.5525892604
2011-06-08 00:00:00,40.8587494168
2012-09-05 04:00:00,4.9933792066
2011-06-11 19:00:00,264.7430543672
2011-11-15 05:00:00,28.1313559652
2011-07-13 19:00:00,423.4475707487
2012-10-11 14:00:00,340.5141305122
2011-12-10 15:00:00,300.5618655237
2012-01-17 04:00:00,1.9741953994
2012-01-08 01:00:00,71.7104024607
2012-06-14 18:00:00,822.1429281487
2011-08-14 23:00:00,27.0616042237
2011-09-11 15:00:00,398.8547323353
2011-07-08 21:00:00,202.9065008095
2012-01-12 19:00:00,328.4257791455
2011-07-12 16:00:00,202.0020446553
2011-04-02 04:00:00,5.0065304435
2012-03-19 01:00:00,14.8167863075
2012-02-05 08:00:00,61.9731281394
2011-02-15 19:00:00,146.7592659508
2012-01-05 08:00:00,389.3967940247
2011-12-02 10:00:00,104.7402654969
2011-04-05 10:00:00,28.0537345215
2011-01-09 20:00:00,37.9692666293
2011-12-09 17:00:00,362.5159846425
2012-04-11 01:00:00,12.0804018025
2011-01-15 15:00:00,128.7431722166
2011-01-13 11:00:00,37.0343154735
2011-10-07 13:00:00,303.5956019781
2012-09-10 13:00:00,322.3023042136
2012-03-14 19:00:00,471.2793063981
2011-11-13 00:00:00,73.8656753277
2012-12-02 08:00:00,93.4611557957
2011-06-08 07:00:00,357.1180710327
2011-11-13 21:00:00,95.9432401186
2011-07-13 16:00:00,140.1716124153
2012-10-17 07:00:00,442.1936144299
2011-02-09 18:00:00,169.449867795
2011-04-12 20:00:00,102.7343007768
2012-06-19 20:00:00,469.2672265004
2012-07-10 11:00:00,251.1894277521
2012-05-04 17:00:00,648.5523339076
2011-01-15 17:00:00,82.9167922572
2011-08-07 08:00:00,89.0499538392
2012-02-10 23:00:00,64.8259223817
2012-01-05 15:00:00,119.6927726719
2011-01-14 19:00:00,92.0453224355
2012-05-12 19:00:00,431.6158024369
2011-05-11 01:00:00,19.9950398062
2012-01-03 04:00:00,5.0128926668
2012-03-16 05:00:00,32.1898540102
2012-07-16 16:00:00,383.2297441988
2011-10-18 03:00:00,0.985616179
2012-07-11 22:00:00,243.6418295718
2012-01-08 05:00:00,1.8912136844
2011-07-12 09:00:00,174.2187666722
2011-01-04 19:00:00,112.7983977845
2012-07-08 06:00:00,20.997879845
2011-12-17 05:00:00,9.0652303239
2011-05-03 19:00:00,366.3589727554
2012-02-01 11:00:00,143.4321409996
2011-04-09 14:00:00,211.0157396499
2012-09-13 20:00:00,454.8738405459
2012-11-08 19:00:00,370.0522260175
2012-04-04 07:00:00,364.3684559549
2012-05-05 22:00:00,215.8552067576
2012-11-05 20:00:00,241.972597798
2012-08-14 11:00:00,194.7735517744
2011-06-17 03:00:00,6.1254602058
2011-03-03 15:00:00,67.6717950315
2012-11-03 12:00:00,395.2767882311
2012-10-09 16:00:00,427.2350526921
2011-01-14 18:00:00,138.9185251268
2012-06-18 22:00:00,164.2622272005
2012-03-14 20:00:00,330.0213399017
2012-01-04 14:00:00,74.5255534367
2012-03-15 13:00:00,272.416828465
2011-11-17 15:00:00,116.1362751117
2012-08-12 01:00:00,112.4687304377
2012-07-15 18:00:00,315.0910020959
2011-07-02 01:00:00,77.4321140995
2012-06-02 03:00:00,26.1446479593
2012-04-13 00:00:00,55.3467523325
2012-11-14 03:00:00,4.9751859
2012-05-13 10:00:00,354.8428874066
2011-06-14 22:00:00,188.5261338035
2011-07-04 12:00:00,444.2337795961
2011-02-19 10:00:00,104.6796543566
2011-04-11 20:00:00,165.8572173762
2011-06-02 12:00:00,231.0486704638
2011-12-12 22:00:00,70.9448706528
2012-01-03 05:00:00,11.9502414471
2012-07-09 10:00:00,175.5541043477
2011-11-04 08:00:00,395.6220000324
2012-03-08 17:00:00,600.147012482
2012-08-12 20:00:00,298.2783809165
2011-03-12 21:00:00,80.7181669834
2011-06-15 07:00:00,367.3763576048
2012-02-11 07:00:00,18.7514985259
2011-02-08 11:00:00,50.0461474745
2011-06-04 00:00:00,92.7426597911
2011-12-04 10:00:00,215.0432753495
2012-05-16 20:00:00,464.4925404165
2012-08-16 22:00:00,253.9234353814
2012-03-19 12:00:00,282.177697354
2012-07-14 05:00:00,5.0795365932
2011-06-08 04:00:00,5.7678818498
2012-09-16 16:00:00,585.8495824342
2012-12-12 16:00:00,329.9307607418
2011-01-10 01:00:00,0.9027963759
2011-05-03 22:00:00,112.9359135623
2012-09-13 18:00:00,851.5772426256
2012-08-01 02:00:00,13.2700612466
2012-11-16 19:00:00,333.8725791196
2012-12-16 08:00:00,88.0253393849
2012-11-03 04:00:00,16.2155826356
2011-10-05 04:00:00,4.975194769
2011-10-05 23:00:00,73.5051362271
2012-08-04 16:00:00,439.6681922326
2011-12-18 04:00:00,0.8866526153
2012-12-04 01:00:00,24.9284602579
2011-01-02 02:00:00,8.949347747
2012-09-14 07:00:00,470.8873057772
2011-03-19 11:00:00,193.2927970485
2012-02-01 15:00:00,193.2738475329
2012-09-15 15:00:00,659.2566111891
2012-06-15 20:00:00,378.7190377118
2012-09-05 23:00:00,149.5164307112
2012-06-13 20:00:00,443.4081644985
2012-09-07 04:00:00,7.8660970945
2012-08-10 14:00:00,309.7761959224
2012-04-17 17:00:00,778.0329716476
2011-02-10 22:00:00,50.8364908707
2011-02-11 17:00:00,208.5823666918
2011-01-17 11:00:00,64.5547967257
2012-02-08 20:00:00,125.2187696811
2011-05-19 22:00:00,78.7574451719
2012-03-13 14:00:00,211.7153171229
2012-09-01 08:00:00,162.6705667892
2011-10-02 02:00:00,30.0580689078
2011-04-10 19:00:00,132.3501603444
2012-09-07 19:00:00,567.9370845869
2011-12-05 13:00:00,170.1191841101
2011-09-01 02:00:00,25.0919875274
2012-10-08 03:00:00,9.8725899812
2011-08-13 18:00:00,292.5803721296
2011-10-10 17:00:00,449.7289325177
2012-11-09 20:00:00,255.6725417598
2011-10-17 23:00:00,62.1657017148
2012-02-13 06:00:00,71.9469581098
2012-06-15 16:00:00,528.2257832215
2012-03-08 01:00:00,20.8920904007
2011-10-18 10:00:00,102.1741830214
2011-11-15 17:00:00,453.6647480046
2012-12-06 12:00:00,234.5852495733
2012-11-08 20:00:00,245.184687283
2011-02-07 23:00:00,24.8509749141
2011-02-16 08:00:00,228.2903430356
2011-02-15 16:00:00,100.0295026642
2011-12-17 09:00:00,99.5703813021
2012-01-17 13:00:00,106.5160380113
2011-06-16 15:00:00,159.1125069842
2011-11-02 14:00:00,172.2501987157
2011-04-12 12:00:00,91.7842925435
2011-11-01 20:00:00,207.9285587908
2012-03-03 04:00:00,2.0673827108
2011-04-12 15:00:00,76.4286616335
2012-04-09 05:00:00,32.1541740691
2012-01-13 23:00:00,64.5472675462
2011-10-04 19:00:00,342.3374198898
2011-11-09 12:00:00,179.9441037269
2011-12-18 05:00:00,4.9036276901
2012-06-08 21:00:00,341.243183078
2012-06-03 19:00:00,460.7253927109
2011-04-18 07:00:00,167.8501996599
2012-03-08 14:00:00,203.675263517
2012-07-19 06:00:00,149.5057133257
2012-06-17 13:00:00,617.6109436643
2012-10-02 13:00:00,153.1723590233
2012-03-03 02:00:00,38.1111162454
2011-08-08 21:00:00,185.2175758418
2012-06-03 01:00:00,121.3198852654
2011-11-03 10:00:00,111.1566514639
2011-07-18 01:00:00,24.8573632652
2011-09-18 18:00:00,289.1681654246
2011-03-17 03:00:00,2.0405277454
2011-01-10 14:00:00,46.767563515
2011-10-07 14:00:00,256.4283643346
2012-04-11 15:00:00,202.2038590591
2012-07-01 03:00:00,33.1555302763
2012-07-01 02:00:00,90.0629703695
2012-02-17 06:00:00,70.8910000888
2011-04-06 04:00:00,1.0083091157
2011-03-12 18:00:00,144.9224269666
2012-10-01 08:00:00,769.7024760651
2012-05-19 16:00:00,655.6925246678
2012-12-15 22:00:00,155.9775095872
2012-12-03 18:00:00,691.4911661654
2012-01-03 07:00:00,169.3684896893
2011-02-06 11:00:00,117.2492922653
2012-12-10 19:00:00,430.6587939908
2012-04-01 04:00:00,12.0530529469
2012-01-03 02:00:00,3.0948503947
2011-10-16 04:00:00,11.8246468527
2011-06-13 13:00:00,228.5756167834
2011-04-17 13:00:00,343.4833843245
2011-12-14 14:00:00,150.8328320154
2012-06-18 02:00:00,8.9756072622
2011-08-08 15:00:00,127.4649402338
2012-07-16 03:00:00,6.0721951865
2011-08-16 01:00:00,15.7256802942
2011-06-19 05:00:00,19.0414594355
2012-05-02 04:00:00,3.9250388449
2012-07-11 02:00:00,4.9845465566
2011-12-02 17:00:00,412.0377774634
2012-02-16 15:00:00,52.9381929378
2012-03-14 04:00:00,5.1526746714
2012-09-16 13:00:00,735.3169895774
2012-06-16 00:00:00,137.1639161362
2012-03-07 11:00:00,161.7845735396
2012-10-18 17:00:00,872.9023293125
2011-06-15 13:00:00,188.9125848384
2011-01-05 20:00:00,89.6569527896
2011-11-06 20:00:00,116.3769552818
2012-03-01 14:00:00,210.2054968544
2012-11-08 09:00:00,275.5249415275
2012-04-10 00:00:00,25.9360918889
2012-07-13 13:00:00,380.4591764777
2012-02-07 06:00:00,99.7466538003
2012-06-12 05:00:00,29.1111090754
2012-09-19 12:00:00,312.5098841899
2011-10-13 07:00:00,80.6258267531
2011-03-08 18:00:00,236.820973638
2011-09-15 03:00:00,7.8904696917
2011-10-10 22:00:00,126.0419914951
2012-01-11 18:00:00,98.4206263858
2011-02-14 18:00:00,203.3238662923
2012-05-09 11:00:00,200.3602938951
2011-04-07 01:00:00,13.1185837985
2011-05-14 19:00:00,249.8282638937
2012-03-01 18:00:00,526.3063020873
2012-05-02 23:00:00,98.3105361663
2012-04-11 19:00:00,384.3689202555
2012-06-16 16:00:00,561.0479390179
2012-11-06 09:00:00,362.9183581092
2011-06-06 20:00:00,330.6471093122
2011-09-09 11:00:00,72.0081231555
2012-07-06 21:00:00,300.5487926258
2012-11-09 18:00:00,504.1756669199
2011-06-01 00:00:00,34.1507941551
2012-04-12 22:00:00,158.9348258737
2012-01-04 10:00:00,63.5460179126
2012-07-04 16:00:00,416.5757886516
2012-05-05 00:00:00,152.6882585326
2012-06-06 13:00:00,301.0717998968
2011-10-15 20:00:00,179.4218282984
2012-07-07 16:00:00,308.8314731057
2012-01-01 10:00:00,69.5075469245
2012-01-16 03:00:00,3.1626084794
2011-05-03 11:00:00,140.1754833514
2012-09-10 04:00:00,4.9977307749
2011-12-15 01:00:00,19.6014984307
2011-04-02 11:00:00,197.1035119919
2011-11-01 16:00:00,297.699776436
2011-12-18 22:00:00,48.9221364622
2012-06-03 21:00:00,247.7978707701
2011-03-08 10:00:00,70.9998950395
2012-10-11 02:00:00,10.729277423
2012-07-03 11:00:00,218.4835013528
2012-10-19 22:00:00,189.567790199
2011-10-13 01:00:00,11.9055737622
2012-01-18 19:00:00,257.4117862026
2011-10-03 23:00:00,54.1026325509
2011-07-11 17:00:00,508.3231052716
2012-06-03 23:00:00,108.5860465493
2011-02-14 05:00:00,3.0419674979
2011-09-12 02:00:00,2.0064809722
2012-04-14 06:00:00,20.9945643061
2011-02-15 22:00:00,40.7691516671
2012-01-11 01:00:00,7.0698496374
2011-04-07 12:00:00,153.0535464279
2012-01-09 07:00:00,242.3966845135
2011-04-09 05:00:00,5.0663637767
2011-12-19 06:00:00,69.3263526646
2011-11-11 16:00:00,237.3031952543
2012-07-09 05:00:00,27.9827365907
2012-04-11 18:00:00,579.0909028084
2012-04-19 05:00:00,30.0676996541
2011-05-04 18:00:00,393.9286409697
2012-09-10 00:00:00,41.0368550634
2011-05-07 17:00:00,356.5968133318
2011-06-08 02:00:00,6.9124890498
2011-02-13 09:00:00,46.4431025744
2012-05-04 10:00:00,199.4101480595
2012-11-08 04:00:00,9.8990332017
2012-08-13 19:00:00,551.1083218474
2012-10-13 14:00:00,601.6258388628
2012-05-02 22:00:00,171.9053409566
2012-06-19 15:00:00,261.5508774768
2011-03-14 06:00:00,28.3563973903
2011-02-08 04:00:00,3.0655880126
2012-01-16 20:00:00,89.7016126894
2011-04-08 07:00:00,113.073331859
2011-07-08 09:00:00,235.4516593415
2011-10-18 18:00:00,572.9229442258
2012-01-04 19:00:00,183.358995074
2011-09-07 06:00:00,75.7524995609
2012-06-06 14:00:00,305.0436107034
2012-05-05 16:00:00,541.0004647986
2011-11-08 23:00:00,48.0670392437
2012-11-19 02:00:00,4.9695758159
2012-11-05 06:00:00,138.777673448
2012-01-15 05:00:00,4.9607808338
2011-05-06 12:00:00,246.6788837349
2011-05-17 03:00:00,4.1226795206
2011-07-08 16:00:00,132.5929595582
2011-11-16 16:00:00,123.3738084528
2011-11-07 15:00:00,170.9399789022
2012-09-06 12:00:00,135.1951977081
2011-03-02 04:00:00,0.9208655374
2012-10-15 18:00:00,592.1871717874
2012-03-03 03:00:00,20.836860474
2012-10-17 01:00:00,16.982671128
2012-02-18 12:00:00,369.113858876
2012-04-18 16:00:00,236.0439871429
2012-12-06 03:00:00,1.8594006701
2011-08-16 00:00:00,30.7947761134
2011-09-16 20:00:00,223.5849450297
2011-01-14 14:00:00,64.3588143871
2012-07-02 11:00:00,200.5401861236
2012-04-10 09:00:00,319.6362705671
2011-04-18 06:00:00,54.2876916272
2012-06-11 01:00:00,24.0101158892
2012-06-09 13:00:00,592.1367905395
2012-05-16 01:00:00,20.9777736103
2011-08-07 05:00:00,4.8766583658
2012-05-19 14:00:00,712.6919208691
2012-03-17 12:00:00,653.0263565907
2011-01-12 23:00:00,19.9432444876
2011-05-01 04:00:00,17.232203461
2012-09-06 15:00:00,269.8975768318
2012-04-10 11:00:00,237.4188709139
2012-12-10 03:00:00,3.9324137955
2012-12-04 17:00:00,746.291617854
2011-04-17 19:00:00,212.1392216002
2012-08-05 05:00:00,18.7727785357
2011-12-10 03:00:00,25.1050684817
2011-08-05 19:00:00,370.5092887172
2012-02-14 20:00:00,185.3345857608
2012-01-17 23:00:00,60.5575160502
2012-09-15 09:00:00,341.9932963758
2012-01-19 05:00:00,18.8406641394
2011-04-14 01:00:00,10.0203049409
2011-12-15 22:00:00,124.7382731683
2012-03-19 16:00:00,380.7853064877
2012-04-15 14:00:00,633.5175499573
2012-02-07 12:00:00,172.5455036814
2012-06-07 21:00:00,313.9405999705
2012-12-08 23:00:00,161.4889881515
2011-04-01 03:00:00,3.9593241311
2011-07-07 04:00:00,4.0721843232
2012-12-07 14:00:00,214.3150718431
2012-05-08 06:00:00,164.1370820096
2012-08-05 15:00:00,435.636822643
2012-11-01 12:00:00,221.7548128005
2011-11-08 08:00:00,453.453907278
2011-10-15 06:00:00,19.8350464852
2012-08-07 07:00:00,496.2573075421
2012-06-18 15:00:00,237.5742773723
2011-10-05 10:00:00,133.1025268531
2011-12-17 19:00:00,105.5391131123
2012-02-04 06:00:00,5.0228145531
2011-11-03 04:00:00,4.0071154588
2012-05-07 02:00:00,6.0134033586
2011-03-02 07:00:00,110.5051517187
2011-10-18 08:00:00,494.2524537715
2011-01-03 08:00:00,153.2529108243
2012-08-12 23:00:00,110.0419456017
2011-11-08 07:00:00,326.7762854722
2012-03-05 17:00:00,388.1098666022
2011-05-19 03:00:00,4.0715155951
2012-01-02 17:00:00,153.1755142483
2011-12-19 14:00:00,136.6425903134
2011-08-15 03:00:00,7.0794048901
2011-06-09 05:00:00,19.6822304634
2011-03-04 04:00:00,0.9484953354
2012-05-03 18:00:00,709.3627714823
2012-12-16 09:00:00,131.481864525
2011-11-10 11:00:00,107.8972444595
2011-03-18 07:00:00,122.746629762
2011-01-10 06:00:00,30.7408155306
2011-05-07 03:00:00,18.2714503723
2012-07-11 09:00:00,328.5668389705
2012-10-10 07:00:00,508.7352093762
2012-09-10 16:00:00,476.2693230569
2012-10-09 13:00:00,237.0255567675
2011-10-09 16:00:00,471.4929489417
2012-11-01 14:00:00,185.5578826692
2012-06-18 12:00:00,168.9035602104
2011-11-07 12:00:00,178.660341852
2012-05-03 16:00:00,369.7360906938
2011-08-13 01:00:00,77.0173812933
2012-02-03 15:00:00,215.6734765254
2011-05-10 06:00:00,111.4145879531
2011-11-18 21:00:00,111.0006632568
2011-05-04 16:00:00,193.9611681844
2012-09-12 03:00:00,7.0327497966
2012-04-10 20:00:00,282.069166231
2012-08-06 12:00:00,284.0760706281
2012-09-03 21:00:00,184.4886174096
2012-12-10 05:00:00,26.9062695761
2012-05-08 13:00:00,218.1990964641
2011-01-14 20:00:00,69.3218455377
2011-01-04 17:00:00,211.5452460934
2012-07-18 10:00:00,138.282318095
2011-08-05 10:00:00,163.8255794066
2011-05-18 12:00:00,53.6596274927
2011-03-03 23:00:00,22.8109617777
2011-09-01 11:00:00,192.5926685185
2011-01-01 18:00:00,35.2524829485
2011-03-09 11:00:00,58.7391662873
2011-01-06 23:00:00,23.1223300292
2011-08-17 04:00:00,4.9061753037
2011-05-06 11:00:00,165.0256555176
2012-09-15 17:00:00,721.374936785
2011-06-11 06:00:00,40.032876031
2011-08-06 12:00:00,387.8385382908
2011-07-14 10:00:00,125.6490152487
2011-05-03 17:00:00,524.7017459524
2012-09-17 07:00:00,489.8598099359
2012-04-18 09:00:00,263.5794750241
2011-12-14 22:00:00,103.7392904832
2012-11-16 03:00:00,6.0926008139
2012-08-12 13:00:00,568.4282247029
2011-10-19 05:00:00,2.9826224703
2012-01-06 16:00:00,290.4230140303
2012-03-09 16:00:00,334.9361240117
2012-08-01 12:00:00,284.0477934995
2011-04-11 06:00:00,61.1987801647
2011-11-11 20:00:00,110.5694315657
2011-02-01 15:00:00,51.853935135
2012-05-09 21:00:00,33.9574084524
2011-08-07 09:00:00,185.4106604451
2012-07-13 12:00:00,377.9754918637
2011-12-18 19:00:00,134.668701558
2012-02-16 16:00:00,119.096338524
2012-04-17 01:00:00,11.1052658147
2012-10-15 17:00:00,780.7972906829
2011-04-18 01:00:00,19.1759511483
2011-08-08 17:00:00,517.6256452919
2012-05-14 08:00:00,155.5077394429
2011-05-02 10:00:00,108.0417955609
2011-12-07 15:00:00,29.8327722869
2011-09-07 00:00:00,12.9505021867
2011-08-18 04:00:00,8.945006494
2012-10-15 08:00:00,742.2569931867
2012-08-15 21:00:00,317.4707677854
2011-10-16 14:00:00,500.1583143219
2012-07-01 21:00:00,255.43126768
2012-07-04 03:00:00,31.6998114637
2011-06-05 13:00:00,367.0035801184
2011-01-17 08:00:00,33.5212889433
2011-07-04 18:00:00,426.3942767979
2012-10-05 20:00:00,368.8762094488
2012-09-01 06:00:00,35.9088824094
2012-01-04 05:00:00,14.1610939342
2012-11-02 14:00:00,261.5945142549
2012-03-03 21:00:00,152.8801116368
2012-05-16 22:00:00,285.3210079177
2012-06-18 19:00:00,462.0964474143
2011-10-02 20:00:00,86.7753892333
2011-03-17 14:00:00,119.5733676243
2011-12-15 14:00:00,132.8652079569
2012-02-10 19:00:00,260.8839335072
2011-08-10 13:00:00,190.7830553652
2012-05-05 19:00:00,417.2769953971
2012-02-13 08:00:00,408.9313110514
2011-11-07 06:00:00,99.2165418748
2011-10-01 04:00:00,8.0692436259
2011-09-01 18:00:00,516.3851909548
2012-06-13 14:00:00,316.43297045
2012-02-07 22:00:00,117.45007123
2012-04-11 11:00:00,180.0365315931
2012-11-02 22:00:00,148.5934738249
2011-04-17 01:00:00,31.0555271777
2011-01-06 17:00:00,173.2527296595
2012-02-01 04:00:00,0.90901252
2011-11-17 21:00:00,115.5359224377
2012-04-12 06:00:00,97.3593923348
2012-11-09 00:00:00,55.5768678575
2012-07-16 19:00:00,593.6662548621
2011-08-01 10:00:00,97.8542343924
2012-07-04 11:00:00,485.7500807019
2011-10-17 09:00:00,202.7256949811
2012-10-01 17:00:00,859.152809576
2011-04-03 20:00:00,77.6725339917
2011-07-11 02:00:00,11.9055436386
2012-05-07 03:00:00,5.0614333216
2011-10-16 12:00:00,446.6796980243
2011-11-03 06:00:00,98.9110725562
2012-11-11 01:00:00,107.7171278528
2011-07-03 11:00:00,398.0073982281
2011-07-19 11:00:00,128.0301092161
2011-06-09 01:00:00,16.1538044654
2011-03-12 10:00:00,98.8434220271
2012-09-04 14:00:00,275.3224300255
2011-04-13 12:00:00,94.6786409987
2011-06-01 09:00:00,206.7234464522
2011-08-18 02:00:00,5.9343747378
2011-06-15 11:00:00,163.972851881
2012-12-03 08:00:00,739.8580429501
2012-07-05 00:00:00,88.0037959782
2012-02-01 20:00:00,264.6178743425
2012-09-15 07:00:00,73.2654804144
2012-04-18 22:00:00,163.5742467806
2011-07-15 10:00:00,165.7501322193
2011-10-01 13:00:00,126.0259032355
2011-02-18 18:00:00,224.105071808
2011-03-16 18:00:00,236.3069755469
2012-02-05 17:00:00,307.0608660632
2012-04-02 00:00:00,17.0995358218
2012-08-07 04:00:00,9.213511984
2012-05-05 14:00:00,422.9179897424
2011-09-15 17:00:00,257.9820533984
2011-02-12 08:00:00,29.8563328862
2012-01-09 08:00:00,417.7832314753
2011-08-07 01:00:00,72.8943544817
2011-12-03 23:00:00,85.8259016259
2011-12-06 01:00:00,15.8962838646
2011-05-12 11:00:00,179.413887511
2012-07-07 19:00:00,286.0941946463
2011-01-13 14:00:00,42.2484309012
2012-01-17 01:00:00,1.8582700122
2011-01-16 09:00:00,32.1604161546
2011-09-08 12:00:00,101.7890613528
2011-03-02 22:00:00,48.3595837255
2011-11-15 21:00:00,168.4780116498
2012-11-13 04:00:00,9.1755401794
2011-07-14 02:00:00,9.7510843394
2011-02-07 05:00:00,9.9671629621
2011-03-12 16:00:00,246.9492346138
2012-01-13 04:00:00,2.953541585
2011-08-07 17:00:00,194.91952267
2011-02-14 10:00:00,54.421503745
2011-03-14 02:00:00,0.9834500336
2011-11-12 02:00:00,46.005096308
2011-05-03 08:00:00,465.4001584947
2012-05-15 14:00:00,184.3842362631
2011-02-11 12:00:00,71.5909110174
2011-04-05 09:00:00,45.9769460009
2011-08-13 12:00:00,406.4051204781
2011-05-15 11:00:00,310.882235264
2012-10-08 22:00:00,106.60487663
2012-10-02 10:00:00,44.5788842521
2011-09-04 13:00:00,423.2876019719
2011-03-07 07:00:00,90.2971242428
2011-08-12 23:00:00,149.2203574779
2012-08-03 18:00:00,664.7786260353
2011-11-18 17:00:00,379.0592654902
2012-10-18 01:00:00,13.8817548754
2011-08-06 20:00:00,136.0144488127
2012-12-06 10:00:00,145.7346905908
2012-02-05 22:00:00,190.1110223764
2012-09-12 14:00:00,275.1778300374
2012-04-10 13:00:00,282.8320269611
2012-08-08 19:00:00,710.0064105206
2012-07-05 06:00:00,133.5697319721
2011-04-05 14:00:00,76.3549898597
2011-01-04 13:00:00,95.8562881914
2012-06-04 09:00:00,283.726798872
2011-09-03 00:00:00,87.1130792887
2011-02-05 19:00:00,84.7633342198
2012-07-16 09:00:00,346.0789541901
2012-12-07 12:00:00,238.9189209928
2012-07-11 20:00:00,483.928947865
2012-10-13 08:00:00,174.365065624
2012-07-01 11:00:00,383.0929416349
2011-12-04 16:00:00,321.8119987
2012-06-15 09:00:00,364.0356873708
2011-01-05 17:00:00,189.2414126302
2012-01-16 00:00:00,25.0739972424
2012-01-07 22:00:00,108.5719290837
2011-06-11 14:00:00,385.4484571706
2012-03-06 19:00:00,286.2072584666
2012-12-03 12:00:00,267.7579041456
2012-01-14 15:00:00,223.6752900245
2011-06-04 02:00:00,59.5890516016
2012-09-09 00:00:00,124.7042942103
2011-01-02 20:00:00,22.0992427847
2012-09-09 11:00:00,580.1189196263
2011-02-06 17:00:00,121.481061005
2011-01-19 01:00:00,6.9261460454
2012-06-16 20:00:00,352.0690942735
2011-08-01 18:00:00,548.0673784556
2012-06-05 03:00:00,4.9403513608
2012-12-05 16:00:00,381.35713846
2012-01-09 02:00:00,5.029879015
2011-03-11 10:00:00,77.17151628
2011-05-15 03:00:00,32.1493289265
2011-11-19 20:00:00,162.7315557213
2012-01-03 10:00:00,60.1977900383
2011-01-10 10:00:00,30.7355342054
2011-05-04 07:00:00,52.0275798797
2011-05-16 01:00:00,14.0632931219
2012-03-14 16:00:00,350.3798840182
2012-12-10 10:00:00,132.8166650918
2011-09-05 16:00:00,285.2517405379
2012-12-15 15:00:00,458.2511669594
2011-11-04 14:00:00,201.305200946
2011-03-08 21:00:00,74.638433464
2011-09-06 04:00:00,4.1260242235
2012-07-03 23:00:00,170.9503460673
2012-10-19 18:00:00,233.3659358522
2012-01-16 19:00:00,144.0172520937
2012-05-02 13:00:00,228.7269973313
2012-07-06 10:00:00,207.2692387978
2011-09-17 06:00:00,21.9580178514
2011-03-06 12:00:00,78.5781010428
2011-01-12 11:00:00,35.2741582642
2011-11-10 18:00:00,271.1493618325
2011-11-09 23:00:00,66.1912822354
2011-02-04 16:00:00,100.4011741024
2012-07-14 06:00:00,35.0514735322
2011-06-16 01:00:00,16.8996510499
